x,y,z,q0,q1,q2,q3,q7
-0.0517749,0.399644,0.976321,0.50246,-0.240468,-0.366795,-0.745097,1.1327
-0.278268,-0.288176,1.08625,0.52868,0.250972,-0.542373,0.602778,0.2927
0.717836,0.198856,0.732577,0.27427,0.771777,0.377114,0.432343,-0.4373
-0.0691584,0.0946916,0.152278,0.66572,0.604873,0.409176,-0.153362,0.5227
0.019217,0.486527,0.368405,0.380413,-0.770733,0.115444,0.497925,0.2927
-0.72163,0.311673,0.62032,0.599423,-0.249051,-0.0542167,0.758766,-0.4673
0.399447,0.180616,0.988013,0.570346,0.122407,0.720545,-0.374883,-2.6273
-0.673762,0.0375332,0.54821,0.597117,-0.255199,0.384288,-0.656238,1.5927
0.219901,-0.53231,0.220696,0.029151,-0.0918158,-0.778451,0.62027,-0.9273
0.281367,-0.134401,0.192616,0.229426,-0.741244,0.242316,0.582412,-0.0973
0.335978,-0.112877,1.04595,0.925391,0.189998,0.257456,0.203147,0.6027
0.208819,0.279307,0.325167,0.053584,-0.0106008,-0.770326,-0.635307,2.5327
-0.13832,-0.264984,0.206625,0.701629,0.240282,-0.628129,-0.235448,2.2227
0.471936,0.505904,0.474969,0.298621,-0.680924,-0.66427,0.076898,-0.1473
-0.178007,0.169622,0.430164,0.0977139,0.608894,-0.3572,-0.701504,-1.4473
0.655814,-0.0362124,0.55419,0.81472,-0.187592,-0.383655,-0.392236,-1.1773
0.364672,0.111757,0.844343,0.0876148,-0.965135,-0.209363,0.130401,0.4427
-0.32885,-0.537047,0.518044,0.59501,0.719922,-0.281273,0.220367,1.8627
-0.397019,-0.194395,0.351767,0.0787147,-0.856905,-0.336355,0.3826,1.6827
-0.384477,-0.306639,0.592118,0.621155,-0.239891,0.693744,0.27448,2.6127
-0.234741,-0.134875,1.10739,0.742275,0.0750687,0.0708572,-0.662096,0.6627
0.109676,-0.225776,0.561434,0.504633,0.612888,0.183162,0.579798,-2.4673
-0.289537,-0.520677,0.839545,0.426084,0.829869,0.10632,-0.344189,-1.8273
-0.0251115,0.225597,-0.0181007,0.350143,-0.822242,-0.315944,-0.318586,2.5227
-0.0257034,-0.0106873,1.01197,0.0197521,0.870468,0.371485,-0.322325,2.6427
0.241844,0.297272,0.451923,0.598164,0.0337804,-0.393693,0.697183,-1.0573
-0.40755,-0.127612,0.00438472,0.38859,-0.209244,0.663067,0.604614,0.7127
-0.747865,-0.337181,0.125569,0.376421,0.0554826,-0.918141,0.110665,0.8627
-0.113526,-0.0464678,-0.0278274,0.0423271,0.472492,-0.825356,-0.306182,1.6527
0.609711,-0.280475,0.814979,0.455366,0.451926,-0.0676148,0.76409,0.5627
0.464464,0.485743,0.583355,0.577954,-0.407275,-0.271831,-0.652843,-1.2273
-0.211,-0.297592,0.994321,0.232065,0.67085,0.091405,-0.698392,-2.6473
-0.523017,-0.436124,0.436104,0.613045,0.360377,0.678087,0.185748,2.3827
-0.60859,0.0861014,0.478445,0.166679,0.737169,-0.515885,0.403314,-2.1673
0.55618,-0.200229,0.0670513,0.0288957,-0.535196,0.535967,0.65228,0.7727
-0.359834,0.341541,0.256727,0.474312,-0.752839,0.433316,0.143175,-1.4873
0.656081,-0.00444646,0.73971,0.171464,-0.261735,-0.788515,-0.529471,-2.1273
0.827403,-0.141059,0.191317,0.164895,0.795002,0.546745,0.204573,-1.5873
0.373795,0.134153,0.567329,0.670953,-0.416054,0.605163,-0.10246,0.1527
0.57953,-0.0872882,0.881382,0.291161,-0.558491,-0.516206,-0.580383,-1.2573
0.546908,0.023018,0.715022,0.126476,0.667746,-0.731489,-0.0551603,1.6827
0.0352414,0.338117,0.370967,0.972357,-0.111922,0.00387569,-0.204892,-1.7173
-0.581654,-0.100713,0.587058,0.359328,-0.550073,-0.664242,0.356491,-1.2873
-0.116345,0.29856,0.887082,0.0179313,-0.798216,-0.601527,0.0263542,0.1127
0.600004,-0.2994,0.654654,0.220056,0.573532,0.167627,-0.771063,-2.2773
0.460323,0.410625,0.0734383,0.073183,0.215272,-0.922705,0.311315,-2.1673
0.61417,0.0928316,0.174023,0.420467,0.63371,-0.407501,-0.505531,1.5227
-0.40197,-0.424223,0.490644,0.419439,-0.317766,-0.338026,-0.780278,-0.5973
-0.514507,0.213115,0.581128,0.248682,0.433827,0.78361,-0.368656,1.8127
-0.0803942,0.0282912,0.0536621,0.197487,-0.0709071,-0.678723,0.70378,-2.4773
-0.707669,0.115284,0.714735,0.530587,-0.446628,-0.175015,0.698835,2.3327
0.362825,0.303018,0.658315,0.960764,-0.244671,-0.123997,-0.0411424,-0.7173
0.290432,0.380189,0.649798,0.605799,0.250227,-0.754209,0.0395252,-1.1973
0.000726453,0.122121,0.233148,0.762571,0.40111,0.336772,0.379712,1.2127
-0.444528,-0.445773,0.207456,0.348602,0.192574,0.877412,-0.267469,0.6927
0.163942,0.472711,0.757919,0.133692,-0.194435,-0.910685,-0.339078,-1.8773
0.277008,0.444049,0.576849,0.370704,-0.175316,0.882467,0.230421,-2.7973
-0.0024013,-0.0938911,1.02984,0.14127,-0.235715,-0.883882,0.378462,1.5927
-0.799018,-0.00479917,0.358786,0.601271,0.301766,-0.695852,-0.251397,2.3227
-0.231726,0.232604,0.306803,0.171269,-0.911778,-0.264505,0.263372,-2.5473
-0.0840648,-0.255198,0.216192,0.611607,0.0729279,-0.777807,0.125041,0.1927
0.102617,-0.294076,0.971086,0.205476,0.230537,0.147245,0.939655,-1.1173
0.798601,-0.0918992,0.621158,0.00561875,-0.762173,0.0965324,-0.640111,0.0227001
-0.539043,-0.216437,0.778295,0.0909885,-0.274656,-0.203392,-0.93537,-0.6373
-0.0169923,-0.272302,0.723087,0.0280967,-0.495627,0.191892,-0.846606,2.4627
0.724277,0.322017,0.612255,0.0102473,-0.600478,-0.0685934,-0.796628,1.5627
-0.122993,0.294966,0.197753,0.0351098,-0.266103,0.923623,0.273637,1.1327
-0.168819,-0.128448,1.1304,0.083202,-0.0876067,-0.114664,0.98603,1.9027
-0.0722158,-0.236704,0.191863,0.499064,0.442406,0.186651,-0.721369,0.8127
0.0677364,0.330305,0.240264,0.414135,0.872962,-0.049072,0.253023,2.8027
0.809214,-0.124849,0.213868,0.274266,0.959031,0.00141509,0.0709681,-0.0973
-0.0178302,0.399097,0.285175,0.223697,0.759057,0.0904553,-0.604657,1.0127
-0.343565,-0.543852,0.514535,0.0766212,0.797131,-0.568283,0.189116,-0.2373
-0.627712,0.254069,0.326285,0.478807,0.252276,-0.824172,-0.166858,-2.6273
0.44657,-0.495469,0.180042,0.0541894,-0.723645,-0.208784,-0.6556,-2.1873
0.636725,-0.334171,0.502672,0.0851452,-0.96956,0.215419,-0.0793649,-0.3673
-0.46368,-0.209965,0.763893,0.0756591,-0.666061,0.742009,0.00778474,-0.5373
0.772815,0.098215,0.676094,0.679968,-0.280089,0.652566,-0.182622,2.6427
0.00165688,-0.329281,0.407701,0.930438,0.102857,-0.323694,-0.13758,0.6327
-0.607089,-0.205725,-0.121741,0.0630219,-0.130776,-0.973909,-0.174434,1.3427
0.48835,-0.236759,0.596015,0.423554,-0.168198,-0.840344,-0.293483,2.5327
-0.6331,0.0680149,0.673734,0.202805,0.238509,0.731416,-0.605817,0.6127
-0.0770524,0.0401267,0.961894,0.104317,0.597507,0.773158,0.185283,-1.3373
0.386503,-0.18093,0.942316,0.572655,0.367215,0.706018,0.196869,-2.6873
-0.238516,-0.502423,0.465372,0.204939,0.0671839,0.118335,-0.969269,-1.0373
-0.0800952,0.491975,0.177316,0.276342,0.00562398,0.912083,0.302834,-2.1373
0.000244032,-0.0702409,0.543643,0.200897,0.424924,0.509635,0.720661,-0.1173
0.0981624,0.539375,0.407701,0.221675,0.038365,0.974031,0.0255473,-1.0073
-0.20126,-0.32221,0.369138,0.292175,0.0470449,-0.60056,-0.742798,1.4627
0.0759398,-0.245583,0.467534,0.814031,-0.460999,0.0564057,0.348787,0.5027
0.635845,-0.311155,0.234819,0.927605,0.24011,-0.283394,-0.0398055,1.0427
0.117434,-0.0692463,0.4938,0.792164,0.0446102,-0.408676,-0.451076,-1.9873
-0.470542,-0.232965,-0.176642,0.364288,0.829839,0.251249,-0.339906,0.4327
0.554223,-0.107904,0.70274,0.494859,-0.68105,-0.537082,-0.0531725,-0.3373
0.19345,-0.110263,0.152941,0.625196,0.568742,0.503276,0.17993,-0.5373
0.0883146,-0.114317,0.388752,0.318429,0.67039,-0.504679,-0.440997,1.1527
0.184839,-0.243038,1.04512,0.946917,-0.137723,0.0798549,0.279293,2.5727
0.0859865,-0.17606,0.02857,0.19371,0.521741,-0.236554,-0.796433,0.3127
-0.578122,0.276792,0.532887,0.545202,0.268239,0.643929,0.464928,-0.3773
-0.00355176,0.185609,1.05998,0.740973,0.119876,0.356814,-0.556123,2.5927
0.695791,0.17525,0.0671204,0.113729,-0.90517,-0.147404,-0.382106,-2.6473
0.0385348,0.124216,-0.0709545,0.162867,0.872981,-0.241086,-0.391479,-1.0873
0.118858,-0.519951,0.149102,0.591891,0.753284,-0.153858,-0.241985,1.3627
-0.121569,-0.17513,1.16044,0.919094,0.0241877,0.258604,-0.296318,2.2727
0.180869,0.577207,0.52102,0.0109188,0.841819,-0.512852,-0.167944,2.7027
0.41957,0.184719,0.883265,0.554629,-0.487662,-0.595017,-0.31706,-1.0573
-0.777313,-0.0189455,0.635439,0.0647231,-0.628304,-0.195878,0.750118,2.2127
0.825129,-0.155846,0.205273,0.755308,-0.0940425,0.357737,-0.541008,-0.9473
-0.403371,0.23392,0.795037,0.0218909,-0.0050492,0.981027,-0.192563,-0.7373
-0.242618,-0.301406,0.154226,0.319425,-0.482061,0.120696,0.806857,-0.9773
-0.507039,-0.199894,0.605347,0.208833,0.337116,0.76591,0.506086,1.2927
-0.041182,-0.408904,0.241817,0.0936402,-0.275979,0.934418,-0.204768,-0.2373
-0.6409,0.157775,0.554438,0.202061,-0.683439,0.0752091,0.697442,-0.4873
0.454723,-0.217258,0.160049,0.977563,0.196208,-0.0479082,0.059821,1.5227
-0.294564,-0.433927,0.399591,0.48874,0.161733,-0.65339,-0.555029,1.1627
0.0267423,0.559846,0.749393,0.109982,-0.417335,-0.799619,-0.417547,-1.0673
-0.346607,0.329658,0.930312,0.302002,-0.350977,-0.191879,-0.865328,0.6727
0.190338,-0.0752318,1.155,0.186427,-0.00552362,-0.213047,-0.959075,-1.7073
0.317141,0.266157,1.04676,0.971654,-0.114713,0.191998,0.0765953,-1.8873
-0.30116,0.475861,0.331273,0.212345,-0.206646,-0.875725,-0.381198,-2.4773
-0.708869,-0.303412,0.453137,0.885691,0.00896693,-0.0684937,-0.459108,1.5427
-0.0335967,-0.420373,0.374253,0.0722358,0.71863,0.269596,-0.636923,-1.6073
0.017438,-0.094152,0.341806,0.729869,-0.359157,0.191744,-0.54912,-2.8173
0.0372778,0.277749,1.08203,0.156365,0.085956,-0.266609,-0.947144,-1.5873
0.126172,0.421486,0.90093,0.687751,-0.304516,-0.388644,-0.532188,0.9427
-0.643223,0.323773,0.350126,0.0503369,-0.294965,0.0201476,-0.953969,1.0027
0.0690038,-0.357045,0.388965,0.305759,-0.00441478,-0.00417084,0.952089,-1.6973
-0.381574,-0.545656,0.741116,0.732301,0.262559,-0.627098,0.0393094,0.8927
-0.581535,0.170874,0.755536,0.298801,-0.679679,-0.353957,-0.568743,0.9927
-0.00165945,0.179104,-0.116395,0.326044,-0.394753,0.842921,0.165379,1.6627
0.736692,0.0504916,0.750105,0.0728762,-0.299436,0.509913,-0.803129,2.2127
0.291493,0.462613,0.118398,0.545404,-0.54315,-0.558676,-0.308874,-2.7673
0.54716,-0.393367,0.340489,0.0169488,0.547038,-0.66828,0.50385,-0.9973
0.155378,-0.0896188,0.849364,0.233267,-0.768994,-0.568108,-0.177449,1.3027
0.390095,-0.175351,0.974301,0.816742,0.310842,0.0571519,-0.482746,-1.0173
0.24719,0.0344804,0.683152,0.309753,-0.674607,-0.140257,0.6552,0.6027
0.251468,-0.171763,0.957565,0.554742,-0.555509,-0.586298,-0.199813,0.2827
0.543761,0.364769,0.559576,0.0332829,0.644646,-0.0994335,-0.757256,2.2027
-0.73857,-0.199386,0.708476,0.548606,0.521306,0.0323196,-0.652861,2.3727
-0.139672,-0.244639,0.247021,0.42338,-0.278901,-0.812068,0.28898,-2.1773
-0.516264,-0.171525,0.679538,0.0687496,-0.491709,-0.719917,-0.48499,-0.0673001
0.115527,0.17013,0.838442,0.605516,0.717201,0.197453,-0.282818,-1.1473
-0.295909,0.239649,0.300318,0.976182,0.0890389,-0.191172,0.0509289,-2.5673
0.302252,0.177457,0.98629,0.584839,-0.44004,-0.671102,-0.118115,-0.1373
0.524449,0.0592925,0.948317,0.942681,0.0798285,0.219858,-0.237995,-0.8573
0.660681,-0.310477,0.177624,0.131344,0.796335,-0.396596,0.43739,2.5227
-0.245965,-0.11407,0.396131,0.104772,0.0352527,-0.905591,0.409493,-0.4673
0.0707001,-0.290316,1.12812,0.619203,0.449086,-0.0224229,0.643744,-1.2673
0.373824,0.390762,0.856842,0.376973,-0.907644,-0.0939867,-0.158872,1.1927
-0.424791,0.549867,0.417009,0.281244,-0.0690409,-0.822708,-0.48917,-2.1773
0.0935559,-0.0875805,0.502194,0.387856,0.003766,-0.849128,0.358518,2.7527
0.106865,0.488679,0.496345,0.520038,-0.228629,-0.162884,0.806696,0.0227001
-0.145557,0.382562,0.019669,0.611444,-0.0655959,0.0560737,0.786568,0.8327
-0.623002,0.337155,0.745837,0.0143163,-0.494511,0.272466,0.825237,2.8627
-0.774911,-0.252661,0.300244,0.299761,-0.810626,0.228178,0.44829,-1.6873
0.120783,0.253121,1.06759,0.0964746,0.496985,-0.346227,0.789826,1.2327
-0.714899,-0.359109,0.57061,0.706891,0.682609,-0.109776,0.149329,-2.3673
-0.144345,-0.310679,0.641878,0.285116,0.257784,0.268324,0.883322,-1.3373
0.157004,-0.26333,0.395277,0.558716,-0.319605,-0.195623,-0.739879,-2.3573
-0.496411,0.057892,0.923383,0.046145,-0.216546,-0.710515,-0.667943,-0.4673
0.36253,-0.220131,0.928923,0.0633769,0.588342,-0.0843272,-0.801702,-2.4873
0.0516561,0.342306,0.483371,0.829006,0.251303,0.177405,-0.467037,2.7527
0.356901,-0.299017,0.714494,0.615297,-0.0404706,-0.69357,-0.372467,0.1027
0.568607,0.0638973,0.526075,0.831221,0.0596103,-0.504895,-0.224942,-1.5073
0.134543,0.337056,0.747863,0.0950387,0.445586,-0.857824,0.237821,-1.9873
0.230225,0.2088,1.04097,0.234466,0.0414448,0.577344,-0.781014,2.6627
-0.665385,0.124534,0.635377,0.462126,-0.819713,-0.109952,-0.320031,1.9727
0.266655,-0.0734978,0.534625,0.368493,0.670822,-0.0811502,0.638456,1.5427
-0.0767088,-0.222328,-0.0415052,0.726508,0.147988,0.599411,-0.30165,-0.2773
0.159806,-0.295768,0.338462,0.194019,0.885302,0.408554,0.10808,1.4527
-0.0897599,0.279101,0.157635,0.506732,0.25611,-0.777076,-0.271632,2.6227
0.234466,-0.184517,0.504042,0.744921,-0.0490949,-0.540663,-0.38777,2.7327
-0.0353398,0.0740083,0.931167,0.351154,-0.814243,-0.460827,0.0365646,0.1827
0.635675,-0.0270881,0.745724,0.333942,-0.509831,0.423088,0.670486,2.5127
0.418887,-0.579728,0.177498,0.648408,0.337794,0.208374,-0.649648,-0.1173
0.434598,0.512133,0.574784,0.367307,-0.133565,0.232115,0.890712,1.2427
-0.123274,0.158386,0.786848,0.383623,-0.650011,0.554966,-0.349761,1.7327
0.707346,0.186472,0.720561,0.349545,-0.582754,0.720142,-0.140042,2.1927
-0.34925,0.345502,0.79889,0.344221,-0.644188,-0.590498,-0.343287,-0.0172999
0.486647,-0.0387772,0.251801,0.798953,0.402649,0.209531,-0.394519,0.1127
-0.62243,-0.196355,0.236163,0.523089,-0.356759,0.618181,0.465783,-0.5073
-0.384242,-0.425207,0.830935,0.723908,0.169021,-0.486697,0.458819,-0.1373
0.213224,-0.139642,1.13206,0.507083,-0.265135,0.00950825,-0.820049,-0.6573
0.795974,0.152134,0.395547,0.720705,-0.142657,0.67183,0.0942226,-2.6573
0.276957,-0.531686,0.816967,0.61066,0.562477,-0.404469,0.38356,0.8627
0.423986,0.336545,0.197992,0.176525,0.186599,0.266563,-0.928958,1.7327
0.0522623,-0.53831,0.350896,0.879411,0.455421,-0.138665,-0.000283342,2.1927
0.202228,-0.515265,0.493123,0.166511,0.409567,0.584445,-0.680407,-1.7373
0.482391,-0.156303,0.996803,0.910172,-0.103941,0.277583,-0.289362,0.6627
-0.27068,0.484155,0.902828,0.909954,0.0338335,-0.059248,-0.409058,-2.3373
0.228277,-0.262259,0.574068,0.493524,-0.0636154,-0.502968,-0.70669,-2.5473
-0.0894713,-0.464505,0.547581,0.826614,-0.13721,-0.0231282,-0.545295,0.2827
0.00189421,-0.312152,0.794748,0.45881,-0.64265,0.605553,0.0989976,-0.0273001
-0.432812,-0.309941,0.987531,0.213814,-0.115136,-0.48783,0.83848,1.3627
0.072398,0.158996,0.115498,0.140673,0.100153,0.289278,0.941541,2.5627
-0.311322,-0.361105,0.993536,0.515014,0.119478,-0.356251,0.770435,0.2727
0.0954204,-0.144752,-0.107324,0.333704,-0.840718,-0.074107,-0.419931,-1.3073
-0.0546109,-0.307564,0.288255,0.668568,0.221888,-0.198464,0.681465,-2.1273
0.0107646,0.156002,0.119903,0.839955,-0.515389,0.118927,0.12127,-2.1373
-0.417071,-0.200187,-0.0132289,0.881639,-0.373863,0.260494,-0.122813,-0.4373
-0.471003,0.260591,0.663521,0.785748,0.533964,0.152886,-0.27223,2.5927
-0.104302,-0.164968,0.962538,0.288762,0.167143,-0.850154,-0.40733,-0.3673
0.239309,-0.292827,0.0800158,0.000174231,-0.932781,0.193217,0.304281,-0.4673
0.119164,0.491713,0.895609,0.726257,-0.245248,0.63021,-0.123449,-2.4873
-0.154404,-0.323883,1.04805,0.970888,0.0663698,0.147077,0.177033,2.0727
0.22936,-0.326051,0.277253,0.16463,0.101482,0.253069,-0.947921,-1.0573
-0.64426,0.418134,0.137912,0.0985402,0.89781,-0.32483,-0.280556,2.4327
0.175806,-0.211355,0.0160608,0.836976,-0.165809,0.316035,0.41485,-2.3973
-0.167792,0.123832,0.945029,0.535218,0.451005,-0.703405,0.123927,-0.2773
-0.30732,0.598343,0.279065,0.493744,-0.822949,-0.012822,-0.280728,2.2427
-0.148377,-0.0668793,0.220798,0.290965,-0.229562,0.175799,0.911995,1.5227
-0.00397188,0.346413,0.778712,0.524266,0.836679,0.0845564,0.13403,0.7527
0.278103,-0.157916,0.237134,0.0628886,-0.288602,-0.247497,-0.922767,2.6227
-0.547928,0.184813,0.244829,0.869983,0.420682,-0.134079,-0.219496,2.4027
-0.371963,0.35757,0.856139,0.584773,0.344253,0.458542,0.57382,-0.9673
-0.445167,0.0149148,0.86808,0.49761,-0.370116,0.754573,0.214516,-2.2373
0.458177,-0.148895,-0.129787,0.109338,0.649086,0.740036,-0.13813,1.7527
-0.770184,-0.177089,0.580513,0.641034,0.18621,-0.148816,0.729559,-1.6973
-0.084171,0.173645,0.192242,0.16337,-0.968815,0.098694,-0.158013,0.8427
0.584745,0.0168868,0.636414,0.0650645,0.28492,-0.721554,-0.627652,2.6527
0.761528,0.347969,0.430124,0.718684,0.13771,0.479591,0.484275,0.2427
-0.152622,-0.399931,0.965511,0.100526,0.10785,0.475246,-0.867412,-2.6373
-0.150926,-0.336608,0.328287,0.661208,-0.650317,-0.267196,-0.261721,-1.8573
0.182515,-0.357928,0.647781,0.182481,-0.0815998,0.484366,0.851723,-1.4673
-0.196545,-0.186717,0.984232,0.513829,0.500177,-0.515736,-0.468848,-1.0673
0.242817,-0.296671,0.457881,0.739911,-0.587811,-0.0842813,-0.316082,-1.2073
-0.0949506,0.189504,0.186407,0.471111,-0.467278,-0.176844,-0.726933,1.5227
-0.513283,-0.386073,0.232039,0.106945,-0.803252,-0.187729,0.555073,-1.2873
-0.835824,0.0306984,0.326391,0.21427,-0.495729,-0.82452,0.168846,0.9827
0.347969,-0.326028,1.0295,0.931534,0.170966,-0.169828,0.272348,0.9927
-0.579482,-0.0964513,0.922386,0.21362,-0.169463,-0.203842,-0.940265,-0.2373
-0.172291,0.233112,1.10924,0.951865,-0.215041,0.072614,0.206002,-2.5873
-0.11429,-0.218073,0.610664,0.0532582,0.301439,-0.545823,-0.779984,-0.6873
0.142334,0.123371,0.297631,0.845791,0.0514613,0.332089,-0.414374,-0.3273
0.757327,0.0278528,0.434481,0.52439,0.158541,-0.480632,0.684743,1.7527
0.567331,0.157579,0.549205,0.911236,0.171563,-0.107129,0.358802,0.6027
0.141665,-0.0534508,-0.0752981,0.408452,0.033874,0.903288,0.12685,0.2427
-0.607775,-0.0729355,0.862596,0.101153,-0.0195946,0.141281,0.984593,-0.9473
0.708607,0.110347,0.319595,0.302496,0.332143,-0.893387,-0.0060939,2.7027
0.51054,-0.221937,0.434603,0.0796417,0.880202,0.0746771,0.461871,-1.8973
0.476884,-0.270446,0.160273,0.041903,-0.331617,0.914791,-0.226788,-1.5273
0.360717,-0.454923,0.789066,0.136695,-0.153219,-0.37771,0.90287,-2.7273
0.0636127,0.0837296,1.01109,0.314624,-0.0442827,-0.897504,0.30584,0.4827
-0.00685734,0.464664,0.301592,0.191021,-0.8245,0.399449,0.35235,1.5527
-0.0373185,-0.273941,0.135979,0.37402,0.818207,-0.279739,-0.33525,1.7527
-0.443486,0.401857,0.640152,0.0620191,0.595851,-0.438475,-0.669966,-1.0473
0.542803,0.306758,0.422271,0.356511,-0.518967,-0.593413,0.501433,-0.0172999
-0.532026,0.0514417,0.774876,0.750013,0.136871,0.622351,0.177273,-2.5273
0.0175242,-0.358911,0.496016,0.353759,-0.657196,0.65705,0.105986,-0.8773
0.660425,-0.052245,0.80288,0.365912,-0.277193,0.867012,-0.19381,2.3927
-0.794726,0.0135117,0.600112,0.867182,-0.122589,-0.472446,-0.0988009,2.3427
-0.180486,0.150329,0.474725,0.141964,-0.338119,-0.727597,0.579762,0.4827
0.228743,-0.155511,0.27974,0.660656,-0.717583,0.198618,0.0957066,-0.6573
-0.0787692,0.439004,0.89974,0.705556,-0.603529,-0.288009,-0.234507,1.7327
0.40977,-0.294534,0.830642,0.684859,-0.182985,-0.674151,0.207377,1.2427
-0.0079879,0.571024,0.588544,0.577888,-0.638609,0.406256,0.305256,-2.0573
0.131075,0.483739,0.846278,0.0264409,0.156349,0.60966,0.776641,2.1627
-0.156219,0.498156,0.282048,0.0363321,-0.252197,-0.966975,-0.00601139,-1.2873
0.260779,0.373042,0.416828,0.709357,-0.350277,-0.58581,-0.175911,-1.9873
0.629246,0.108876,0.19011,0.741841,0.489818,-0.172148,-0.424399,-0.3273
-0.632679,0.480998,0.454439,0.458628,-0.607351,-0.580755,-0.288981,0.6727
0.113771,-0.299485,0.144924,0.108798,0.512847,0.591028,-0.613055,-0.6973
0.395126,0.252266,-0.0966077,0.258459,-0.885442,0.386107,-0.0106578,0.8727
-0.0787695,-0.330738,1.11057,0.501656,0.275263,-0.573494,0.586238,0.5327
0.565717,-0.347091,0.772755,0.748301,0.386731,-0.0429634,0.537251,1.9227
0.726603,-0.130007,0.765729,0.780167,0.030849,0.225316,0.58277,1.9927
0.0825108,0.293902,0.282669,0.471774,-0.434312,0.253251,-0.724338,2.7527
-0.587254,-0.133685,0.931843,0.759705,0.572558,-0.00059656,-0.308261,-2.8373
-0.512305,0.204299,0.916829,0.738711,-0.0414809,-0.508788,-0.440137,1.3627
0.554483,-0.0535151,0.882887,0.818082,-0.0928929,0.545374,-0.157098,-2.1073
0.398879,0.565177,0.43205,0.328752,-0.585014,0.715578,-0.193982,-2.8973
0.534279,-0.172734,0.594231,0.282675,0.879673,-0.358143,-0.13418,0.4727
-0.291406,-0.263589,0.1441,0.982722,-0.18144,0.00726229,0.0358299,0.8727
0.655648,0.155634,-0.018828,0.0293003,0.851324,0.476616,-0.217315,-0.4873
-0.308307,0.288048,0.779799,0.135795,-0.0503115,-0.310822,-0.939371,0.7327
-0.346733,0.180308,1.08051,0.616522,-0.604312,-0.351157,0.362486,1.4527
-0.155504,0.28996,0.370242,0.713882,-0.112677,-0.690447,0.0309751,-2.0773
0.701058,0.00240683,0.793398,0.674831,0.448361,0.420591,0.408262,-1.1873
-0.219055,-0.475643,0.731058,0.744233,-0.366741,-0.558207,0.00485527,2.1527
0.26476,-0.481492,0.284244,0.0371872,-0.231911,-0.928707,-0.286946,1.7327
0.177387,-0.277756,-0.00460778,0.694204,0.302762,0.226156,-0.612592,0.6827
0.0175335,-0.298837,0.841783,0.204722,0.461877,-0.0935842,0.857905,-1.7073
0.398586,0.370836,0.948387,0.384815,0.0271416,0.719387,0.577637,-2.3573
0.447094,0.0443673,0.217348,0.617384,0.147021,0.557188,-0.535502,-0.7973
0.263973,0.464579,0.215487,0.0709495,-0.522865,0.379342,0.760051,1.0827
-0.0838727,-0.562662,0.5751,0.175972,0.125433,0.976342,0.00751185,1.7427
0.0807326,0.331765,1.04643,0.0812592,-0.550487,-0.220998,0.80095,1.9727
-0.48639,0.562002,0.419955,0.559895,-0.526962,-0.467819,-0.435859,2.2927
0.601939,-0.341077,0.0571651,0.481676,0.766388,0.424855,-0.011691,2.6727
-0.0357184,0.200812,0.922071,0.163863,0.821262,0.544249,0.0497017,-0.1073
0.251369,0.0481204,0.849222,0.266944,0.889226,0.235735,0.287136,-0.4473
-0.429306,-0.232129,0.940187,0.774375,-0.163433,-0.240956,0.561759,1.9927
-0.369052,0.452874,0.920477,0.120941,-0.330855,0.652189,0.671236,-1.9573
-0.0787425,0.268716,0.144054,0.641238,0.708988,0.203659,-0.211359,0.1627
-0.332656,0.346527,0.75921,0.674644,0.439391,0.383288,0.452638,-1.0073
0.782059,-0.123537,0.538009,0.119733,-0.620341,0.159404,-0.758572,-0.6973
0.446192,0.0805676,0.527948,0.879067,-0.267962,0.220714,0.326686,0.3627
0.219959,0.154991,1.09939,0.300717,-0.180079,-0.0950735,-0.93172,-2.8573
0.701153,-0.28747,0.593292,0.0319351,-0.329599,-0.514426,-0.791019,-2.0773
-0.687726,0.243769,0.710244,0.119416,0.382021,-0.848165,-0.347011,-1.3473
-0.0386748,0.436188,1.01055,0.0280373,-0.26138,-0.341147,-0.902504,0.6627
0.0859855,-0.5032,0.192409,0.571683,0.766229,-0.091694,-0.278682,-2.5973
0.0293539,-0.360833,0.210343,0.00933822,-0.750972,0.512246,-0.416604,-1.2073
0.262507,-0.237346,-0.00934079,0.542748,-0.480336,-0.473798,-0.500217,2.7627
-0.142725,-0.184202,1.10566,0.627759,0.549105,-0.461646,-0.302133,-0.9473
-0.641906,-0.190702,0.646149,0.42792,0.853554,0.289088,-0.0689732,-2.7773
-0.02833,0.44562,0.758899,0.0256094,0.592805,0.803985,0.0391732,0.1327
0.725823,-0.041523,0.736594,0.408567,-0.373892,0.26496,-0.78935,-2.5173
-0.118108,-0.540309,0.836959,0.0889435,0.0542464,0.509735,-0.854,-1.1773
0.820156,-0.0892057,0.460731,0.30863,-0.589238,0.108571,-0.738754,-1.3273
-0.636646,-0.346334,0.462542,0.653048,0.0999769,0.680547,-0.31684,1.3427
-0.549727,0.470926,0.556011,0.61937,-0.347858,-0.191716,-0.677215,2.3927
0.248791,-0.0339505,1.13195,0.302303,-0.113295,0.597221,-0.734237,1.9627
-0.262249,0.246448,1.0398,0.559841,-0.308729,-0.113535,0.760509,-0.0072999
-0.0265848,-0.223779,0.607839,0.148487,0.281518,0.6909,0.64912,0.3627
0.214382,0.471876,0.392234,0.389551,0.504982,0.00708083,-0.77019,1.8127
0.652859,0.0418715,0.700662,0.03921,-0.00200302,0.95291,0.300701,-2.8873
-0.0451003,0.409768,0.840575,0.288933,0.214291,0.439666,-0.822977,2.6027
0.563856,0.336539,0.335386,0.330858,0.167249,-0.912165,0.17469,-2.3273
0.622403,-0.0398751,0.323984,0.278428,0.469845,-0.488368,-0.680602,1.8827
-0.521554,0.348602,0.63028,0.544934,0.283835,0.690082,0.382453,-1.0573
0.226025,-0.0489414,0.0329822,0.206745,0.957493,-0.149243,-0.134874,1.4827
-0.176261,-0.354833,0.863965,0.322757,-0.632452,-0.267735,-0.651268,-0.7573
-0.0212132,-0.287522,0.441195,0.796104,-0.288034,0.165202,0.505929,-1.7073
0.0842031,-0.371742,0.24699,0.280401,0.907021,-0.262641,0.172361,0.7627
0.0738838,0.0777665,0.571835,0.639435,-0.0782855,-0.697006,-0.314924,-1.9973
0.429691,0.177479,0.830069,0.176019,0.650749,0.719606,-0.166462,-1.4373
-0.549868,-0.0983838,0.864488,0.930263,0.154127,-0.260633,0.207185,2.1627
0.209379,0.231992,0.72643,0.526062,0.317735,-0.690587,0.381303,2.0627
0.155331,0.272581,0.15009,0.688226,0.473945,0.0408803,0.547768,-1.3973
-0.192921,0.22669,1.05935,0.925713,0.215083,-0.305378,-0.0594969,-1.9173
-0.0840942,0.264864,0.422537,0.609535,0.163033,-0.435318,-0.642172,-1.8673
-0.0332306,-0.572424,0.747648,0.775792,0.624578,-0.0894892,0.00640272,0.9027
0.547871,-0.0678655,0.861614,0.75384,-0.509326,-0.153326,0.385751,1.5327
0.00653152,-0.394584,0.987011,0.294691,0.561813,-0.226079,0.739197,-0.4473
-0.70731,-0.0324373,0.711436,0.0777582,-0.0797063,0.42045,0.900457,-1.0273
0.707491,0.0137605,0.641016,0.123923,-0.396083,0.0497701,-0.908452,0.1427
-0.674302,-0.0319644,0.79845,0.859884,-0.154397,-0.431305,0.225249,2.4827
-0.350356,-0.333599,0.89676,0.0488513,-0.467701,-0.516861,0.715349,1.8027
-0.0215258,0.590586,0.628506,0.0127094,0.0786028,0.58327,0.808366,0.8527
-0.276211,-0.0425136,0.301477,0.361623,-0.277302,-0.456829,-0.763963,2.1627
0.367191,-0.242951,1.06302,0.599773,0.0254807,-0.139579,-0.78749,-0.9273
-0.62717,0.335744,0.0422944,0.167109,0.103131,-0.912567,-0.358693,0.0527
-0.255032,0.218827,0.818671,0.221859,0.781096,0.582061,-0.0432658,-0.2473
-0.0507171,0.278336,0.0856221,0.163032,0.886519,-0.0197176,-0.432569,0.4427
0.581084,-0.0163268,0.871797,0.639678,-0.194979,0.163653,-0.725267,2.3227
-0.0621892,-0.331657,0.198566,0.460169,0.853486,-0.0642049,-0.235976,1.3827
0.252015,-0.00230424,1.12978,0.412113,-0.517415,-0.28096,-0.695346,-0.2373
0.500828,0.0146132,0.956018,0.146828,-0.307986,-0.0364519,-0.939286,1.6527
0.551143,-0.27817,-0.0872007,0.0413515,0.230759,0.730055,-0.641919,-1.6973
-0.635117,-0.408923,0.563224,0.600459,0.0184019,-0.486091,-0.634686,0.4527
-0.383709,-0.178995,-0.28246,0.0991609,-0.34796,0.921205,-0.143081,-0.3173
-0.807476,0.203731,0.502651,0.0291821,0.415673,-0.160011,-0.894853,0.5927
0.757882,0.203935,0.244398,0.306419,-0.158202,-0.800153,-0.490749,-2.5773
0.424882,-0.0196421,1.07401,0.651297,0.453533,0.437823,0.422412,-1.6073
0.589062,-0.214156,0.799981,0.799983,-0.0490051,-0.437024,0.40821,1.3527
0.0758939,-0.00668348,1.03962,0.113816,0.811238,0.0528323,-0.571094,-2.8273
-0.0687715,-0.163553,0.0581972,0.426137,0.724767,-0.301884,-0.449429,1.6527
-0.7303,-0.0988668,0.286692,0.881533,-0.278131,0.0645414,-0.376,2.1727
-0.037475,-0.459203,0.773315,0.789722,0.195955,0.581178,-0.0131541,2.1027
0.091826,0.438857,0.34392,0.377902,-0.619614,-0.680822,-0.0987384,2.1327
-0.611944,0.334456,0.65523,0.122094,-0.504809,-0.764844,0.381149,0.4627
-0.0043872,-0.345113,0.611036,0.042734,0.382462,-0.252205,-0.887857,-2.2973
-0.196365,0.329425,0.274751,0.33817,0.0606816,0.314545,-0.884884,-2.8173
-0.0403078,-0.256468,0.21086,0.429898,-0.63088,-0.436042,0.476493,-1.9673
0.540097,-0.112074,0.530404,0.00717412,-0.151301,0.97223,-0.178394,2.8027
0.218267,0.177679,-0.224824,0.0485624,0.169229,0.918707,0.353525,0.9127
-0.301808,0.229509,1.05604,0.638915,-0.56882,0.381292,0.350496,2.7827
0.812494,-0.116416,0.359796,0.0180097,-0.656705,0.510604,-0.554705,2.1727
0.26184,-0.350152,0.530699,0.824279,-0.343565,-0.212298,-0.396807,-0.4873
-0.437668,0.360995,0.227952,0.616522,0.731816,0.290307,-0.00822426,0.9027
0.318291,0.0323335,1.08403,0.828879,-0.0861484,0.0859839,-0.546027,-2.8573
-0.0867477,0.147377,1.11533,0.977684,-0.162548,-0.0523065,0.122377,-1.0673
0.26677,0.268492,0.82919,0.442757,-0.211643,0.335073,-0.804301,1.7527
-0.30378,-0.372798,0.86701,0.711749,0.207025,-0.558832,0.371833,2.6027
-0.355489,0.586221,0.625798,0.403251,-0.540458,-0.685234,-0.275223,-0.1473
0.38863,-0.572102,0.455203,0.117556,0.06817,-0.567071,0.812382,-1.8673
0.70907,0.133424,0.223735,0.280703,-0.743491,0.407356,-0.449986,-2.7473
0.221188,-0.177555,-0.0837683,0.312784,0.0219977,-0.482145,-0.818058,1.1727
0.351236,0.193692,0.217061,0.456123,-0.410743,-0.00319894,-0.78945,-2.8273
0.763677,0.143146,0.45461,0.914605,0.19396,-0.0251255,-0.353901,-1.0573
-0.170143,-0.240081,0.464424,0.453328,0.195883,0.394633,0.774848,2.1427
-0.0257471,0.427023,0.468527,0.477139,-0.673238,-0.0479287,0.562842,2.8527
0.574321,0.480392,0.0586514,0.0723691,-0.0929943,-0.714284,-0.689864,2.4927
0.00832335,-0.329949,0.229935,0.187931,0.648068,-0.718403,0.169074,0.8227
0.245465,-0.106939,0.488893,0.368833,-0.206655,0.629333,0.652071,1.9727
-0.0144425,-0.536241,0.426852,0.136494,0.0259563,0.725153,-0.674425,-0.1773
-0.340427,-0.470567,0.494534,0.155206,0.269383,-0.948365,0.0628351,0.4527
0.35591,0.251963,0.752793,0.429488,-0.217072,0.864489,0.145187,-2.4973
0.488745,-0.0945637,0.752635,0.848256,0.16341,-0.0745152,0.498203,1.2127
-0.220536,0.367519,0.964861,0.371772,-0.184634,0.421941,-0.806016,2.1827
-0.0688511,0.289824,0.554542,0.447894,0.0144319,0.777197,-0.441755,-0.6373
0.371938,0.0148666,1.03113,0.96172,-0.113896,0.139792,-0.20635,-2.5873
-0.227079,-0.320468,1.00513,0.205125,0.0823599,0.247246,-0.943403,-1.9173
0.127792,0.506622,0.547563,0.94469,-0.0237414,0.259139,-0.199609,-1.5773
0.804197,0.0589663,0.593669,0.45568,-0.520428,0.664044,-0.283822,1.9327
-0.513924,-0.282202,0.362628,0.00148824,0.561676,0.394974,0.726989,-2.5473
0.26994,-0.039309,1.07443,0.556853,0.62494,-0.073069,-0.542242,-2.0473
-0.436642,-0.283913,0.884556,0.268489,0.895066,-0.349548,-0.0677239,-1.4473
0.18894,-0.417369,0.479708,0.0688529,0.910174,0.357707,0.1972,-2.7373
-0.15047,-0.564036,0.732394,0.714004,0.651117,-0.257069,0.0126755,0.4527
-0.386524,0.359047,0.912679,0.0934038,0.370965,0.373931,-0.844888,1.8027
0.329057,-0.197244,0.136277,0.0954868,0.568523,-0.807452,0.12524,2.4327
-0.0877663,-0.346647,0.250729,0.192126,-0.481053,-0.597554,0.61205,-2.4173
0.588253,-0.306242,0.448286,0.873134,-0.0607401,0.483543,0.0115817,0.5627
0.0108,-0.211116,0.779748,0.596734,-0.38357,0.260301,-0.655001,0.0127001
0.483815,-0.00900459,0.772959,0.19105,-0.594115,-0.574326,0.529789,2.4227
-0.749791,0.0113019,0.0639525,0.571853,0.504797,-0.514114,0.392238,-2.4373
0.290448,-0.169864,-0.259308,0.046614,0.205543,0.751583,-0.625062,-1.0673
0.60016,0.19703,0.749148,0.4258,0.838883,0.335589,0.0484806,-0.7273
-0.15674,-0.419882,0.866137,0.583888,-0.0137767,0.650957,-0.484912,1.1527
-0.259236,0.546178,0.443629,0.104833,-0.496325,-0.0106679,0.861718,1.6827
0.104139,-0.488203,0.153679,0.498855,0.336111,0.798468,0.0249259,1.7127
-0.666272,-0.305992,0.330588,0.251203,-0.336981,0.609932,-0.671806,-0.3973
-0.447037,-0.427011,0.211108,0.0995565,-0.768707,0.283051,0.564853,-0.6273
0.553606,-0.544593,0.49347,0.323684,0.429947,-0.674957,0.504785,1.2227
0.00915848,-0.0812573,-0.0238982,0.456637,-0.36558,-0.697739,0.413515,-1.7173
-0.244649,-0.444433,0.307476,0.270083,-0.0949498,0.342421,0.894867,-2.6373
0.632128,-0.174994,0.381344,0.676343,0.0287576,-0.530177,0.510536,2.4727
0.376902,-0.22186,0.736886,0.0018695,-0.736557,0.481102,0.475417,-0.2273
-0.775647,-0.301782,0.407623,0.91654,0.0494101,-0.198272,-0.343806,1.7127
-0.0737546,0.388588,0.937651,0.164701,0.340444,0.3915,0.838868,-0.2073
0.147157,0.117618,1.1572,0.313681,-0.171221,0.487746,0.796487,-2.5473
0.22356,-0.435447,0.95101,0.62378,0.289651,-0.192183,0.700047,2.3927
-0.768659,-0.169233,0.457758,0.502584,0.671656,-0.35625,0.41155,-1.6273
-0.824562,0.015383,0.185876,0.163058,0.42044,0.431282,-0.781433,0.4127
0.0354165,0.313125,0.480049,0.849892,0.526031,-0.0311137,0.00256543,1.0327
-0.0184271,-0.383028,0.21937,0.311671,0.272346,0.0828102,-0.906549,-1.7573
0.239551,0.356731,0.446969,0.341136,-0.576765,-0.673501,0.312034,-1.0673
-0.544432,0.543292,0.33421,0.850648,-0.213675,-0.470048,-0.098974,-1.9673
-0.00632614,-0.0627057,0.0868778,0.240527,0.738051,0.616517,0.13166,-0.4873
-0.18729,-0.100099,0.424038,0.481786,0.0210033,0.11753,0.868117,-0.5773
-0.204956,0.281298,0.178503,0.0759925,-0.818104,-0.564503,0.0791663,-0.0373001
-0.786916,0.313226,0.241439,0.312677,-0.828781,0.248532,0.391903,-2.8073
-0.350613,-0.571656,0.54199,0.513037,0.730169,0.292197,-0.3439,-1.8473
0.614418,0.119571,0.685324,0.176676,0.907413,-0.377715,0.0521434,0.9127
-0.491286,-0.534858,0.427401,0.346121,0.0580231,0.760962,-0.545684,0.4027
0.202524,0.479423,0.19547,0.407347,-0.827808,0.214811,0.320404,-0.4473
0.591928,0.199733,0.756007,0.368019,0.438969,0.502951,0.647231,-2.4873
-0.276675,0.164184,0.844274,0.0492316,-0.0474625,0.725142,0.685195,-1.9773
0.209733,0.449,0.910465,0.707046,-0.683453,0.174293,-0.0509898,1.0727
-0.726384,-0.325927,0.180086,0.129598,0.188036,0.960094,-0.161449,0.9427
-0.283676,-0.250973,0.735815,0.180588,0.0444052,0.826943,0.530642,-2.5273
0.0505164,0.275127,0.921415,0.415284,0.502513,-0.758278,0.00586984,-1.8173
0.56814,0.118613,0.162419,0.0707849,-0.225936,0.96685,0.0956205,2.6427
0.260943,0.541487,0.300963,0.404367,-0.180003,-0.675419,-0.589827,0.4227
-0.355794,0.265165,-0.022163,0.178112,-0.960705,0.21271,0.00875636,1.8027
0.187589,0.0524725,-0.106742,0.32751,-0.46915,-0.818709,0.048486,0.3427
0.506385,0.506383,0.352252,0.961551,-0.12431,-0.0518915,0.239322,-0.8373
0.676891,-0.00170972,0.629287,0.75973,-0.00466852,0.563965,0.323624,1.1027
-0.700662,0.309894,0.66258,0.0388367,-0.576633,0.14055,0.803885,2.1027
-0.248631,0.133528,1.08285,0.932867,-0.133464,-0.0440319,0.331673,0.9527
0.458075,-0.479123,0.799621,0.305285,-0.100775,0.824494,-0.465677,1.6127
0.174391,0.197981,0.192506,0.00248252,-0.942661,0.290443,-0.164401,2.3827
-0.232187,0.18743,0.384831,0.468195,0.111556,-0.805348,-0.346069,1.1527
0.404742,-0.338901,0.92396,0.871582,0.427545,0.178144,0.160671,1.1227
-0.485075,0.282242,0.767866,0.022668,-0.10299,0.906466,0.408899,-0.6473
-0.27363,-0.241197,0.226803,0.245546,0.495701,-0.83284,-0.0191319,-1.1773
0.475709,0.437819,0.808606,0.16796,-0.0723541,-0.0147721,0.983024,1.8127
-0.111644,-0.271262,1.13162,0.830303,0.319124,0.268181,-0.369912,2.8127
-0.472499,0.321299,0.391568,0.00975569,0.361915,-0.70029,-0.615237,0.4227
0.334648,0.349189,0.214839,0.0537442,-0.529801,-0.845435,-0.0407706,-1.1073
0.133937,-0.305653,0.478145,0.308215,0.734464,-0.0740926,0.600064,0.4127
0.628687,-0.292224,0.702047,0.462151,-0.249663,0.604897,-0.598485,0.1427
-0.707584,0.352091,0.20763,0.434489,0.372969,-0.819807,-0.0054661,-2.1873
0.540097,0.00796782,0.703496,0.496906,-0.328865,-0.795526,-0.109864,-0.5373
-0.324981,-0.170616,0.976203,0.18188,0.469658,0.480575,0.717906,-1.2573
0.280223,-0.551278,0.352986,0.214989,0.117896,-0.969432,0.00904478,1.5127
0.669189,-0.145347,0.215714,0.428551,-0.043336,-0.89114,-0.142606,2.8327
0.378868,-0.484123,0.0373703,0.479631,0.814629,-0.309648,0.102236,1.4727
-0.711684,0.071484,0.771758,0.196294,-0.360157,-0.0592082,0.910082,-0.1373
0.581671,-0.0654508,0.498703,0.556755,-0.107903,-0.264597,-0.77998,-2.1273
0.298535,0.397651,0.609935,0.631565,-0.584183,0.505492,-0.0658283,-1.1073
0.607107,0.0394791,0.223492,0.663206,-0.174664,-0.681845,0.254434,-2.4773
-0.642094,0.160658,0.698902,0.926972,-0.123872,-0.232081,0.267426,1.5427
0.125757,0.354783,0.2724,0.446268,-0.016441,-0.405847,0.79741,-0.7073
0.293769,-0.453725,0.449315,0.0473258,-0.744987,0.653224,-0.1267,0.4227
-0.564065,0.173287,0.859606,0.0306411,0.159858,0.695487,0.69986,-0.5573
-0.146081,0.416092,0.252279,0.072718,-0.265573,-0.887967,0.368373,-1.7073
-0.089185,0.493606,0.930282,0.432839,0.330496,-0.59644,-0.589646,-2.4973
0.298994,-0.254803,0.159121,0.0417308,0.4096,-0.895145,0.170883,1.0327
0.291087,0.103215,0.76041,0.439408,0.591993,-0.591534,0.326423,1.4527
-0.360104,0.294168,0.671364,0.775326,-0.410036,0.308299,0.368363,-1.7873
-0.818823,0.118302,0.387113,0.180385,0.269723,-0.945421,-0.0298238,-0.7973
0.205301,-0.260997,0.903451,0.0406874,0.676011,0.733597,0.0564798,-2.3973
0.504647,0.46112,0.506262,0.350421,-0.0502072,0.802352,0.480536,1.5627
-0.527086,0.4424,0.531652,0.645206,0.382056,-0.157397,-0.642626,2.4327
0.727594,-0.261617,0.313076,0.639112,0.647141,0.374609,0.180033,2.1827
-0.416962,-0.501528,0.656796,0.612427,0.698675,0.0903416,-0.358643,1.6427
0.716431,0.242651,0.30178,0.672723,-0.158623,-0.0145622,0.722544,0.9827
-0.379304,0.207545,0.145402,0.103409,0.0144278,-0.845691,0.523359,-1.5373
0.16939,0.503057,0.250138,0.252451,-0.868043,-0.321126,0.28222,0.2427
0.127534,0.489574,0.846948,0.783943,-0.196535,-0.586921,0.0482769,-0.9373
0.409256,0.564756,0.467549,0.199684,-0.959801,0.0284745,0.195183,1.3227
0.0865723,-0.4826,0.43925,0.873929,0.0632941,0.47741,0.0657432,1.0427
0.152923,0.120217,0.68517,0.081984,-0.88653,-0.0136331,0.455145,0.5027
-0.0444602,-0.0730882,0.28176,0.865904,-0.187455,-0.462286,-0.036906,-1.5273
-0.0352767,0.348417,0.816968,0.571656,0.337848,-0.706976,0.24342,-1.3673
0.594967,-0.257894,0.556627,0.586122,0.727153,0.21517,0.285328,-2.5873
-0.2053,-0.423892,0.682383,0.451886,-0.000766998,0.39587,-0.799428,1.9627
0.796535,-0.0321779,0.60647,0.634886,0.0956481,0.152284,0.751386,1.8827
-0.0217315,-0.318678,0.777456,0.956278,-0.169334,-0.148884,0.186259,2.6627
0.483542,0.269104,0.983334,0.950861,-0.194772,-0.0679298,-0.230897,-0.7873
0.225015,-0.0831599,0.826827,0.15054,-0.486301,0.790037,0.341601,-1.9073
0.252393,0.394672,0.28785,0.321463,0.387548,-0.714162,0.486252,-2.2473
-0.115453,-0.0471016,1.16496,0.67761,-0.0770478,-0.18856,-0.706649,-0.1573
0.562027,-0.147254,-0.0705973,0.701902,-0.646616,0.206825,-0.215511,-1.1173
0.387373,-0.0476635,-0.159363,0.0157424,0.729748,0.67738,-0.0915256,2.1627
0.519786,-0.385141,0.265691,0.484902,0.791907,0.368761,0.0420528,-1.8873
-0.153471,0.417045,0.308057,0.253648,-0.877922,-0.396503,0.0877583,0.9527
0.0948126,-0.262682,0.654642,0.237403,0.0658597,-0.963878,0.101197,2.3927
0.0337701,-0.0851038,1.17866,0.770499,0.266222,0.217293,0.53688,-1.8973
0.406721,-0.455133,0.288573,0.0910995,-0.801909,-0.310716,0.502094,-1.5373
0.120107,-0.254207,1.13228,0.326719,0.109503,0.563148,-0.751085,1.9627
-0.221079,0.0715669,0.356877,0.619192,0.328995,0.0807069,0.708414,2.1927
0.556408,-0.367907,0.222464,0.184678,-0.104293,0.905599,-0.367298,-2.7073
-0.619314,-0.253976,0.451592,0.746876,0.021138,0.433294,-0.503969,0.9327
0.802591,-0.0861672,0.573122,0.148127,-0.55902,0.716211,-0.390637,1.6627
-0.428733,-0.0801358,0.659015,0.163856,0.86086,0.481689,-0.0068391,-2.4673
0.220633,0.173301,0.607198,0.611981,0.122579,0.293043,0.724279,1.6427
0.120203,-0.340365,0.607873,0.0701399,0.198735,-0.316335,-0.924942,-2.3973
0.507513,-0.36174,0.619474,0.187797,0.832343,-0.005641,-0.521445,-1.7173
-0.00137614,-0.220839,0.360808,0.440058,0.404811,-0.235553,-0.766153,-1.7973
-0.472218,0.0828937,1.01684,0.554513,0.293462,-0.306704,-0.715771,-1.9273
0.15545,-0.300185,0.436581,0.336014,0.770216,0.25042,0.480783,-0.8873
-0.0124552,0.233611,0.962719,0.19943,0.90324,0.158434,0.345375,0.0527
-0.197165,0.593423,0.577845,0.00658994,0.213568,-0.784879,-0.581644,-2.7873
-0.16108,0.352066,0.387872,0.486255,0.515309,-0.448551,0.544808,2.5827
0.143627,-0.382492,0.0610144,0.372272,0.492742,0.753501,0.22551,1.7127
0.264625,-0.285381,0.819926,0.0397476,-0.447274,0.621403,-0.642048,1.7927
-0.468067,0.10149,0.797894,0.0895895,-0.567993,0.816461,-0.0524432,-1.5673
0.124882,-0.306539,0.129235,0.599771,-0.130972,0.787338,0.0567415,1.4727
-0.792238,0.0555328,0.629209,0.732965,-0.143402,-0.443206,0.495749,-0.8773
0.184328,-0.127916,0.969031,0.352289,0.618048,-0.606844,-0.35447,-0.8873
-0.0442351,0.491649,0.708459,0.335756,-0.477354,-0.374834,-0.720348,0.9527
-0.320987,-0.324524,0.203699,0.0958996,-0.103552,-0.901876,0.40829,-1.5573
-0.232013,-0.376083,0.371836,0.496156,-0.763744,-0.385906,0.146971,-2.6273
-0.680179,-0.313336,0.400725,0.356359,-0.0800244,-0.805553,0.466571,-2.5873
-0.452844,0.117566,-0.0968559,0.059091,-0.411838,0.49915,-0.760096,-2.2373
-0.745514,-0.0239538,0.473393,0.665112,0.326562,-0.0357851,0.670598,-1.5573
0.261067,0.329939,0.619155,0.793212,0.0623275,-0.595308,0.111977,-1.7073
-0.644809,0.235941,0.226171,0.962956,0.142249,0.0487142,0.223849,-2.0573
0.155557,0.218872,0.146243,0.243606,0.647569,0.599839,0.401875,-1.2673
0.320284,0.280248,0.00603431,0.103235,0.31097,-0.761387,-0.559402,1.5627
0.603056,0.237515,0.329073,0.338688,-0.133099,-0.546875,0.753991,1.7327
-0.233448,-0.197685,0.265011,0.316695,-0.473638,-0.557334,-0.603945,2.5927
-0.0915519,-0.057131,0.970962,0.128222,0.895354,-0.391441,0.169336,-0.2973
0.302859,0.448662,0.939977,0.387754,0.00792623,-0.110112,0.915128,1.0227
-0.192471,-0.292335,0.299236,0.219159,0.932482,0.202098,0.203968,2.8427
-0.720891,0.316613,0.156387,0.524385,-0.099259,-0.753685,-0.38357,2.4827
0.339754,-0.197816,0.754544,0.445893,-0.0268904,-0.657274,-0.606999,-0.5873
-0.40299,-0.154264,0.813642,0.561963,-0.452447,0.692403,-0.00815122,2.2327
-0.312344,-0.40242,0.517443,0.78647,-0.317643,0.402868,0.343897,1.8327
-0.68158,0.164045,0.710199,0.414953,0.261587,-0.385053,-0.781742,2.8727
-0.615284,0.275818,0.504925,0.962403,0.00412066,0.271363,0.0111742,-2.2673
-0.0832505,-0.128887,0.165441,0.118708,0.0389949,-0.764251,-0.632699,0.8027
0.724005,-0.104404,0.753671,0.434181,0.520191,-0.0876258,0.730212,1.4927
0.258726,-0.130693,1.02835,0.747119,0.55166,0.286516,-0.235357,-1.4173
0.0241201,-0.182851,0.0806855,0.530129,-0.746021,0.19091,-0.354922,-1.1473
0.206615,0.0541049,0.466174,0.371111,-0.474869,0.598473,-0.527831,0.5827
-0.0963279,-0.458059,0.919498,0.827021,-0.269958,-0.485904,0.0839991,1.6427
0.122097,0.0441483,1.07774,0.179477,-0.163662,-0.805459,-0.540591,-1.0073
0.485007,0.148355,0.693224,0.043607,-0.855626,-0.381526,0.347046,-0.0172999
-0.459531,0.107882,0.758547,0.435088,-0.12372,0.891142,0.0354685,-2.3673
0.126721,0.202873,1.15457,0.734185,-0.409243,0.0571522,-0.538727,1.3027
-0.605905,0.153179,0.795218,0.293643,0.197555,-0.247188,-0.902022,-2.4973
-0.420582,0.356638,0.794169,0.576588,-0.52392,-0.34818,-0.521368,1.8127
0.844205,0.0816919,0.261761,0.224812,-0.489592,-0.366416,-0.758617,-2.3973
-0.336313,0.176719,0.965781,0.251432,-0.58652,-0.716557,-0.281641,0.4727
-0.123947,-0.0379448,0.286128,0.876414,-0.15338,-0.0901241,-0.447495,-1.7573
0.252407,0.0909899,0.562844,0.0900896,-0.683831,0.521007,-0.502803,1.8127
0.122968,0.458918,0.509782,0.921452,-0.339345,0.185057,-0.0390427,-0.7073
0.215598,0.275644,0.511212,0.317724,-0.895537,0.112401,-0.290571,0.2927
0.0472765,-0.339097,0.419874,0.993524,0.0274927,-0.108062,-0.0218209,0.7427
0.077319,-0.412659,0.31373,0.295125,-0.378589,-0.485449,0.730692,-1.8373
-0.514871,-0.0851748,1.00901,0.324758,0.172212,0.134866,-0.920156,1.2327
0.568694,0.406118,0.761556,0.780353,-0.551977,0.135704,-0.26068,0.3027
-0.420631,0.217383,0.45372,0.0287733,-0.0792126,0.950641,-0.298628,-0.7773
0.00806729,0.21142,1.11986,0.676141,0.156928,-0.189405,0.694502,-0.3873
-0.127814,0.454877,0.176923,0.46459,-0.834003,0.255901,-0.15202,-1.6273
-0.18373,-0.19139,0.872889,0.558608,-0.328058,0.748159,0.143501,2.4027
0.612824,0.184722,0.219726,0.06505,-0.298729,-0.379123,0.873381,2.8727
0.810829,-0.0920232,0.563327,0.680669,0.0122142,0.670389,-0.295158,-2.3573
-0.251611,-0.279819,1.08081,0.907931,0.281276,-0.163924,0.263958,-2.1073
-0.521299,0.442598,0.0407839,0.288128,-0.570732,0.743701,0.195337,-1.7673
0.415956,0.570175,0.359603,0.5078,-0.205184,-0.114447,-0.828819,2.7127
0.245689,0.069986,0.949755,0.25023,0.78881,0.498671,-0.257857,-2.6073
0.646682,-0.203126,0.72156,0.648517,-0.612756,-0.0337568,-0.450352,0.2027
-0.442207,0.059601,1.02213,0.669659,0.0875416,0.382581,0.630496,-1.8073
0.244339,0.186917,1.03528,0.142856,0.654105,0.435809,0.601505,-0.4273
-0.0817472,0.526151,0.288012,0.320891,-0.744873,-0.215539,-0.543816,2.5027
0.0811545,0.238618,0.750207,0.417658,0.509504,0.244915,-0.711326,-2.3173
-0.829131,-0.106459,0.445732,0.727145,0.529246,-0.273403,-0.341189,2.4527
0.55452,0.416111,0.574001,0.867349,0.18446,-0.188407,-0.422118,-1.9273
0.246091,-0.0885835,0.316676,0.735143,-0.129728,-0.0585164,0.662805,-1.8873
0.567533,0.0111708,0.890343,0.205183,-0.299615,0.0517587,-0.930297,0.4427
0.110789,-0.262215,0.793318,0.207367,0.873059,0.312291,0.311836,-1.1573
0.488231,-0.418295,0.253737,0.204059,-0.320366,0.880702,0.283,1.1127
0.634246,-0.139482,0.811553,0.196303,0.190218,-0.171388,-0.946524,-2.2573
-0.45907,-0.130692,0.376349,0.545888,-0.225769,-0.331659,-0.735552,1.8827
-0.135874,0.356901,0.333648,0.462063,-0.554248,-0.692177,0.0140381,-0.3273
0.234545,-0.070942,1.08348,0.622997,-0.0915968,-0.0126778,-0.776739,2.5627
0.660532,-0.181278,0.0380613,0.179705,0.43367,-0.866351,0.170506,2.3127
-0.414068,-0.168758,0.962489,0.570832,0.814874,0.00540768,0.100506,-2.0773
0.762775,-0.0318446,0.403025,0.496877,-0.511578,-0.402051,-0.574244,-1.8873
0.794846,-0.0377857,0.64099,0.659393,0.600591,0.0810038,0.444893,0.3527
0.645236,-0.263305,0.110725,0.362446,-0.41958,0.76267,0.333048,0.9827
-0.536181,-0.419572,0.0397576,0.0700205,-0.16203,0.93672,-0.302324,0.1427
0.401021,0.426296,0.79698,0.764145,-0.356552,-0.407426,0.350651,-0.0773001
0.581959,0.380426,0.484245,0.301588,0.324924,-0.843791,-0.302464,-2.6573
-0.400923,0.419043,0.844382,0.687079,-0.465437,0.175469,0.529625,1.4927
-0.0714469,0.116012,0.0484656,0.367089,0.0542431,0.91659,-0.148879,-0.9973
-0.146533,-0.576371,0.288701,0.650958,0.623564,0.23094,0.366179,2.6127
-0.0859717,0.0868203,-0.0533863,0.00983095,-0.464508,-0.844497,-0.266383,1.0527
0.612205,0.0674298,0.587439,0.121751,-0.85893,0.245564,0.432567,0.9827
-0.434225,0.332215,0.895744,0.3736,-0.614958,0.618777,0.315222,-2.8373
0.641159,-0.166649,0.177582,0.349719,0.758379,-0.182078,-0.519042,-0.1673
-0.774538,-0.069302,0.647881,0.195204,0.475827,-0.00511461,-0.857589,0.6127
-0.0793913,-0.0574761,0.868802,0.21906,-0.911565,-0.344321,-0.0500472,-0.3273
-0.0375495,-0.233862,0.0538546,0.546328,-0.753134,-0.362544,-0.0536409,-1.3873
0.00296222,-0.45132,0.312238,0.68456,0.126229,-0.513396,0.501864,1.8627
-0.140533,-0.516691,0.853247,0.398068,0.913493,0.0761197,0.0357678,-1.6073
-0.260968,-0.603054,0.656787,0.562005,0.775534,-0.0889871,0.273458,-2.0273
-0.18343,0.411097,1.03679,0.608683,-0.0131958,0.513056,0.605065,-1.3673
0.139578,-0.430581,0.796334,0.760723,0.23094,-0.605818,-0.0308561,0.9727
0.171997,0.204349,0.15192,0.148455,-0.3406,0.902074,-0.219578,2.6927
-0.504217,0.211843,0.14354,0.671955,0.464591,-0.3274,-0.474807,2.0127
0.014122,-0.299291,0.168557,0.155906,-0.943554,-0.203937,0.209305,-0.9273
0.0691721,-0.509569,0.402096,0.542379,0.311325,-0.708775,0.326404,2.6027
0.0938147,0.0923387,0.438912,0.37668,0.579133,0.400904,-0.601659,-1.5673
0.092264,-0.0682621,0.488986,0.152175,0.925573,0.346017,-0.0207446,-0.8473
0.735572,-0.286054,0.525649,0.189737,0.547004,-0.165681,0.798334,-2.1173
-0.257198,0.123171,-0.119787,0.166042,-0.132017,0.975374,0.0603901,0.6127
0.0179627,-0.392713,0.545361,0.342976,-0.427248,-0.535458,0.642737,-0.0373001
0.502608,-0.148416,0.967363,0.71962,-0.0690872,0.334105,-0.60477,-1.3973
0.334132,-0.390836,0.327579,0.567388,-0.579333,0.529817,0.248473,-0.0373001
-0.310208,-0.108109,0.170965,0.317266,-0.208947,-0.82895,0.410519,-1.8673
0.372794,-0.442347,0.0217097,0.0501334,0.103524,0.859678,-0.497718,2.2027
0.425325,0.136747,0.988303,0.401814,-0.26431,-0.096545,-0.871415,1.2527
-0.629629,0.213445,0.826931,0.899711,-0.26167,-0.340063,0.0800414,-2.7573
0.101375,0.386697,0.483346,0.636563,0.767662,-0.0717395,-0.0183345,1.9127
0.664472,-0.389992,0.257798,0.31096,-0.867069,0.38489,-0.057925,-0.1573
0.752297,0.134041,0.558948,0.442767,-0.645047,0.508798,0.35916,1.6227
-0.163609,0.255399,0.217147,0.658333,0.25593,-0.62654,-0.329462,2.4627
0.20799,-0.571772,0.352279,0.794461,0.539585,-0.255478,0.111401,2.5227
-0.336647,0.242667,0.915806,0.0429332,-0.674924,-0.454012,0.580093,1.5027
0.184975,0.368034,0.870732,0.18569,-0.645271,-0.358195,0.648723,1.2127
-0.0953281,-0.0148122,0.642315,0.560775,-0.609404,-0.554572,-0.0812878,1.6027
0.332598,-0.276855,0.903121,0.696887,0.211974,0.540897,0.420531,2.6227
-0.167488,0.0638301,0.719999,0.057668,-0.902779,-0.0394093,0.424396,1.8727
-0.213463,-0.268262,0.903374,0.670452,-0.329962,0.645769,0.156854,2.4427
0.0791124,0.52797,0.253832,0.569109,-0.476919,-0.648454,-0.16784,0.3227
0.105701,-0.472273,0.263679,0.137287,0.643317,-0.742413,0.126961,-0.2973
-0.115063,-0.298644,0.210267,0.581146,0.618224,-0.439394,-0.294958,0.5127
0.556242,-0.231684,0.877013,0.284892,-0.0780676,-0.40215,-0.866613,-1.5873
-0.191076,-0.115728,0.547094,0.182493,-0.072181,-0.827839,-0.525518,0.3927
-0.0598987,-0.493357,0.344064,0.673746,0.350574,0.603785,-0.242092,-2.5473
-0.148355,-0.124744,0.618295,0.547647,0.121626,-0.801436,-0.20734,-0.0172999
0.302733,-0.330746,0.872592,0.74563,0.157838,0.51757,-0.388901,-0.9673
0.29015,0.013468,0.299271,0.857142,0.221604,-0.00552553,0.46494,1.9627
0.645177,0.0223145,0.303916,0.446128,-0.668187,-0.439323,0.40186,-0.5773
-0.492244,-0.255229,0.599103,0.827273,0.0372874,0.39792,-0.394828,1.3027
0.0294694,-0.254028,0.257197,0.804295,0.349159,-0.34363,-0.336326,-0.2773
-0.00542683,0.305244,0.165338,0.163528,0.791563,-0.586327,-0.0539216,2.6227
0.379,0.379718,0.228018,0.433129,0.402593,-0.360536,0.72134,1.0227
0.0664866,0.146669,-0.0834972,0.267273,0.780659,0.229094,-0.516385,0.9327
-0.186826,-0.245324,0.223087,0.147031,0.411007,0.849374,-0.296681,0.2427
-0.578167,-0.263341,0.805958,0.654579,0.0316498,0.168531,-0.736289,1.0627
-0.315811,0.450885,0.778157,0.0659389,0.358913,0.794281,0.485748,-0.0172999
-0.576148,0.291919,0.850995,0.317392,-0.429736,0.205953,0.819861,-0.9473
-0.393139,0.481291,0.191419,0.120569,-0.0759299,0.103192,0.984403,1.3127
0.791123,0.0852277,0.132965,0.531053,0.298365,0.756671,0.237507,-0.7573
0.259437,-0.160804,0.54059,0.949787,-0.144444,0.157307,-0.22868,-0.3573
0.110914,-0.165018,0.796326,0.793869,0.0695753,0.362626,-0.483149,-1.3773
0.0313971,-0.237418,0.919963,0.119468,0.0290053,-0.858841,-0.497271,-1.7273
-0.639523,0.42919,0.520604,0.255494,-0.495615,0.369458,0.743364,-2.5573
0.290201,0.184269,0.820084,0.516842,-0.239836,-0.785376,0.241945,-0.8473
-0.526232,-0.299646,0.765583,0.167514,0.834703,-0.132664,-0.507554,-2.0073
0.804213,-0.0144357,0.602183,0.19184,-0.720608,-0.116357,-0.656035,-0.8073
-0.102822,0.00126753,0.565802,0.0825317,0.915927,-0.0826885,-0.383964,-0.1473
0.397151,-0.516737,0.719284,0.461985,0.238465,-0.806268,0.2822,1.3527
0.128263,0.347673,0.330292,0.58744,0.573173,0.489115,0.295217,0.2727
0.55912,0.0183121,0.575022,0.586372,0.0391127,-0.807672,0.0480051,0.1627
-0.43375,0.399735,0.496463,0.286481,0.69,-0.664692,0.00351231,-2.6673
-0.606714,-0.0362045,0.820047,0.0645948,0.252465,-0.648125,0.715558,0.0627
0.106942,0.276394,0.225296,0.615154,-0.575546,-0.0239237,-0.538294,-2.0573
0.0581083,0.578558,0.748489,0.0517951,0.61974,0.670214,0.405034,0.0527
-0.429085,0.170363,1.04633,0.455523,-0.206203,-0.520341,-0.69226,-0.0172999
0.363717,0.334763,0.509628,0.597003,0.589791,0.513406,-0.1793,-0.4573
-0.385997,0.443267,0.556031,0.769979,0.320456,0.543637,0.094337,-1.3073
-0.0228206,-0.0228729,1.10513,0.801267,0.158668,0.0749521,0.571995,0.3627
-0.192847,-0.240452,0.837955,0.0370182,-0.681036,0.672216,0.288002,-0.3173
0.185652,0.169935,1.08369,0.90835,-0.221021,0.00397575,-0.355013,-2.3873
0.672966,0.362311,0.0105378,0.543007,0.177375,0.810658,-0.128513,-1.1973
0.434989,0.504265,0.735133,0.73046,-0.591301,0.177756,-0.291881,2.4927
0.284093,0.151875,0.410476,0.267332,0.325201,0.755482,0.502021,2.7127
0.179579,-0.1339,0.283581,0.176595,0.865644,0.201779,0.4228,0.7427
-0.218263,0.205131,1.0611,0.636477,0.579793,-0.482509,-0.161002,-1.6673
0.806234,-0.0653266,0.111074,0.786329,-0.00433464,0.538907,-0.302072,-0.5873
0.0765253,-0.490698,0.945421,0.488882,0.857453,0.102966,0.123155,-1.8173
-0.0286017,-0.426816,0.538603,0.661642,0.102501,-0.729822,-0.138146,1.6427
0.274607,0.424536,0.757734,0.344957,-0.50302,0.496301,0.617787,-2.8173
-0.742382,-0.0085725,0.723472,0.846542,-0.235733,-0.15223,-0.452353,1.7527
0.719626,0.0890791,0.779485,0.51592,0.159004,0.591323,0.599067,-2.6973
0.00930289,0.522651,0.890176,0.188506,-0.0690897,-0.875406,-0.439724,-1.6473
0.531525,-0.386785,0.55622,0.00886284,0.505932,-0.558801,0.657036,-2.8673
0.333478,-0.127988,0.224731,0.150658,-0.456887,0.866011,-0.136309,2.1827
0.680069,0.090525,0.668025,0.293638,0.885531,0.325283,0.154284,-0.4173
-0.256257,0.201239,0.709562,0.0262348,-0.707562,0.484135,-0.514082,1.2127
-0.0276818,-0.0450868,1.01366,0.244716,0.708745,-0.59748,-0.284273,-1.5873
0.200108,0.130041,1.03924,0.79518,0.00631807,-0.140185,-0.589912,0.5427
-0.00356859,-0.29834,0.8744,0.0052675,0.607255,-0.749765,0.262805,0.9827
0.117408,-0.207931,0.227893,0.0880542,-0.792525,0.594831,-0.101619,2.4327
-0.128994,-0.297786,0.625864,0.813435,-0.0925436,-0.567308,0.0890009,2.0327
0.774933,0.0412382,0.0979035,0.368397,-0.747394,0.358654,-0.420776,-1.4673
0.710772,0.166674,0.454472,0.454774,0.72867,-0.449709,0.244912,1.3927
0.55456,0.194342,0.509793,0.705722,0.310326,0.110698,-0.627216,-1.5273
0.0402607,0.505318,0.272872,0.119001,-0.397824,-0.0189046,0.909515,0.7127
-0.699786,0.29035,0.472571,0.121807,0.259108,0.823009,0.490595,-0.0773001
0.721122,-0.113629,0.777706,0.231451,0.20059,0.414155,0.857129,-2.7773
-0.0571738,0.52178,0.641624,0.125823,0.135797,-0.751999,-0.632634,1.8827
-0.19393,0.0175727,1.1235,0.0554443,0.105092,0.00753126,-0.992887,2.2727
-0.100374,0.0629027,1.09799,0.387197,-0.704045,0.207475,-0.55799,0.9927
0.153495,-0.514984,0.429339,0.288994,0.388953,-0.789481,0.376719,-2.7973
-0.36385,0.224695,0.291064,0.207582,0.31229,-0.410611,0.831134,-2.5673
-0.770526,0.111858,0.666083,0.0215507,0.137363,-0.442544,-0.885902,-0.4173
-0.260264,0.570408,0.550723,0.498609,0.066562,0.642001,0.578613,-1.0173
-0.107206,-0.186332,0.661129,0.540826,-0.056396,-0.104724,0.832682,-1.3173
0.436706,-0.120868,0.948791,0.504734,-0.71117,0.4883,0.0323162,1.4427
-0.0186832,-0.46652,0.0595146,0.372179,0.775228,-0.00946589,0.510309,-2.7073
0.376642,0.221077,0.959061,0.144289,0.147232,0.398832,0.893553,1.1527
0.115746,0.05487,1.0765,0.0290734,-0.12527,0.21188,-0.968798,2.4027
-0.0262931,-0.032341,0.689574,0.143073,-0.166546,-0.96783,-0.122873,-2.6373
-0.271156,0.225066,0.813549,0.28616,0.300915,-0.415546,-0.809249,0.5127
-0.378361,-0.133945,0.0163702,0.143601,0.68056,-0.714862,0.0720355,2.6427
0.641691,0.121309,0.859605,0.840597,-0.402637,0.198376,-0.303193,-0.2373
-0.394255,-0.298478,0.646071,0.0438352,-0.877131,-0.256293,-0.403774,-1.3873
-0.0362663,-0.430041,0.528615,0.880223,-0.154153,0.371715,0.251539,1.3427
-0.424878,-0.402788,0.780955,0.493924,0.23743,-0.398602,0.735379,1.7727
0.166271,-0.509033,0.290065,0.258499,0.657633,0.460713,-0.537066,1.9827
-0.109759,0.0302528,1.00944,0.181652,-0.379735,-0.866464,-0.26841,-0.5173
0.0525,-0.0723644,1.04116,0.457491,-0.111372,-0.226539,0.85263,0.0827
-0.0228737,-0.503258,0.960538,0.200032,-0.136406,-0.723704,0.646246,2.1927
-0.37412,0.311101,0.327229,0.507183,0.239296,-0.236989,0.793309,0.7727
0.387927,-0.156437,0.541033,0.000637762,0.623641,-0.0172685,-0.78152,-0.8273
-0.730294,-0.112601,0.57186,0.229566,0.491858,0.103622,-0.833449,-1.7473
-0.738068,0.0617906,0.432704,0.340797,-0.789667,0.50704,0.0565113,-2.1973
-0.695807,-0.381657,0.621814,0.442516,0.33303,-0.266447,-0.788845,-0.2573
-0.258715,-0.0600729,0.433371,0.765506,-0.212405,-0.331502,-0.508913,2.2727
0.344586,0.191174,0.0392837,0.0524208,0.54009,-0.0537687,0.83825,2.8227
0.558001,0.0917785,-0.0410466,0.102232,0.139078,0.408355,-0.896355,-1.9673
0.611159,-0.499093,0.482124,0.559593,0.786454,-0.0603724,0.254363,-0.8573
-0.70733,0.258849,0.258596,0.0216476,-0.397384,-0.496307,-0.771555,0.7527
-0.624135,-0.108255,0.444145,0.236073,0.624269,0.11796,0.735284,-1.3473
0.361798,-0.395553,0.284788,0.0367153,-0.834212,0.507373,0.212876,0.0727
0.801255,0.288837,0.35596,0.485524,-0.43774,0.659604,0.370909,1.8727
0.302509,-0.34169,0.15363,0.670826,-0.00366172,0.389488,0.631093,2.7827
-0.149564,0.373725,0.426672,0.550095,0.618008,-0.53614,-0.167379,2.5827
-0.749527,0.257132,0.552823,0.0946193,-0.156244,-0.56825,-0.802326,0.0227001
0.2761,0.349382,0.943095,0.680377,0.253946,0.425268,0.540135,-0.3073
0.594323,-0.188591,0.62454,0.37071,0.372747,-0.384985,-0.758564,-1.5773
-0.164969,-0.119237,0.974484,0.079859,-0.076027,-0.550659,-0.827416,-0.4673
-0.396566,-0.242119,0.258475,0.546187,-0.299127,0.622534,0.473977,0.2327
0.0412005,0.270814,1.05071,0.41289,-0.743336,0.398108,-0.344213,1.8627
-0.426349,0.586192,0.532836,0.584157,-0.233182,-0.750976,-0.20105,-1.2273
-0.329616,0.430639,0.0475377,0.210825,-0.346086,0.854583,0.324753,-2.5973
-0.12686,-0.558587,0.837089,0.694109,0.623138,-0.345167,-0.103792,-0.1473
-0.519251,0.203097,0.788934,0.847539,-0.322365,-0.332778,-0.258877,2.5327
0.0196569,0.486195,0.55918,0.756763,-0.306067,0.444158,0.369265,0.4827
-0.813352,-0.125954,0.484326,0.665883,0.211031,-0.681615,-0.217868,0.1527
-0.0696139,0.223788,0.28387,0.392876,0.104502,-0.357386,0.840835,2.6127
-0.567282,0.403806,0.659928,0.44297,0.655228,-0.287407,-0.540232,2.6427
0.293479,-0.0553929,0.497544,0.0158496,-0.782323,-0.0547903,-0.620256,0.3127
0.331931,-0.237732,0.344963,0.147346,-0.525196,0.833252,-0.0902681,1.4127
-0.632769,0.236384,0.302827,0.333898,-0.882371,-0.145812,0.297781,0.3427
0.651932,0.0881348,0.621432,0.250077,-0.692469,-0.673234,-0.0685863,-1.1773
0.730896,0.172161,0.741796,0.280528,-0.529083,0.515539,-0.612857,2.1027
0.188218,-0.327892,0.829624,0.0929847,-0.915662,-0.137103,0.366223,-2.6673
-0.442217,0.135151,0.900199,0.24068,-0.292532,-0.906011,0.188792,0.3927
-0.00913501,-0.148759,0.148505,0.0624747,-0.404833,-0.751592,-0.517026,1.7327
-0.661481,-0.170736,0.648723,0.739696,-0.0262071,0.484927,-0.465841,1.6027
0.722106,0.276156,0.00211606,0.79338,-0.293193,0.447937,0.28972,0.0827
-0.0372311,-0.429893,0.608472,0.148374,-0.348118,-0.233906,0.895593,-1.2773
-0.344232,0.06882,0.514828,0.282937,0.717234,-0.437125,-0.463081,-0.3373
-0.0254354,-0.315329,0.0416646,0.619633,-0.514478,0.270294,-0.527548,-0.9973
0.16826,-0.366038,0.767697,0.784112,0.618446,0.0354175,-0.0379321,-0.2173
0.208478,0.300037,0.332673,0.670073,-0.452638,-0.463385,-0.362484,-2.2073
0.628537,0.0465564,0.549656,0.481536,0.699072,0.181747,-0.496376,-0.7873
-0.0682802,-0.140976,0.91707,0.173391,0.828209,0.404914,-0.346483,-2.2273
0.51238,0.349528,0.867343,0.920892,0.199827,0.121091,-0.312032,-1.8773
0.202107,-0.389796,0.779453,0.512242,0.0365355,0.581898,0.630609,-2.6073
0.353753,-0.0584466,0.99205,0.467716,-0.466401,-0.444897,0.604796,1.9027
-0.0829445,0.439801,0.74906,0.815102,-0.496542,0.235156,0.183728,1.0027
0.392067,0.32944,0.974729,0.775612,-0.314114,-0.25403,-0.485003,-1.1973
0.53317,-0.348156,0.723289,0.149971,0.1473,0.976855,0.0395762,2.6527
-0.286008,0.381424,1.02619,0.573022,-0.352456,-0.186047,0.716105,0.6427
0.168958,0.278232,0.251562,0.638035,-0.565618,-0.106856,-0.511439,-1.2173
-0.0852441,-0.0472754,0.957315,0.0354628,-0.26855,0.938928,0.212219,-2.4973
-0.251897,0.414444,0.321912,0.686455,-0.185852,-0.502715,0.491443,-1.2573
-0.202026,-0.470457,0.534195,0.0279551,0.377545,0.0480948,0.924319,-1.8973
0.214116,0.417421,0.716036,0.544382,0.392321,0.736986,0.0811433,-1.0273
-0.534493,0.300684,-0.0499526,0.00959942,0.431427,-0.854769,-0.288353,-2.4073
-0.166251,0.00954439,1.03895,0.959447,-0.043871,0.0322687,-0.27658,2.7527
0.446306,-0.333848,0.840815,0.268962,0.209233,0.491346,-0.801536,2.5727
0.0869308,-0.21137,0.845025,0.332098,0.219291,-0.266976,0.877694,2.2027
-0.383624,-0.529467,0.783968,0.279818,0.204157,0.713688,-0.608828,1.7327
0.00589014,-0.30143,0.0091222,0.532036,0.337289,-0.721123,0.288369,-2.3373
0.275997,-0.271265,0.604243,0.513086,0.242364,0.729184,-0.382484,-1.9773
-0.17368,0.414966,0.71637,0.941554,-0.110169,0.0492885,-0.314499,-1.6673
-0.141718,0.538496,0.431316,0.881811,-0.0734796,0.405917,0.228562,-0.7173
0.369164,-0.418797,0.645612,0.461354,0.429433,-0.589629,-0.505052,0.0527
0.71275,0.0652305,0.779955,0.943682,0.151434,0.254998,0.146659,-0.2373
-0.168264,0.220267,0.740335,0.550724,0.675472,-0.306931,-0.382406,-1.8173
0.629711,-0.151984,0.891559,0.589159,0.414509,-0.100643,0.686254,0.8727
0.36372,0.518727,0.775205,0.857843,0.16775,0.431082,0.223907,-0.9373
0.162878,0.048485,0.245864,0.242458,0.0809489,-0.0390188,-0.965991,0.7027
-0.19872,0.132387,0.134269,0.447403,0.408194,0.571231,0.553988,1.3727
0.489768,-0.308162,0.0900547,0.583298,0.012379,-0.0892112,-0.807249,-0.5773
-0.0521824,0.571093,0.569235,0.403287,-0.711888,0.419722,-0.392948,2.6827
0.27355,0.356385,0.796208,0.509466,-0.56447,0.649066,-0.0230631,2.2727
0.226205,-0.232899,0.290604,0.2573,0.653475,0.706845,0.0844785,0.0227001
0.292918,-0.285234,0.0885183,0.0346767,0.431924,0.895366,-0.102757,2.2627
-0.580436,-0.49015,0.060546,0.0932255,-0.744539,-0.543759,0.375895,-2.7673
-0.0895898,0.416643,1.0266,0.729146,0.266867,0.0352218,0.629196,-0.3373
0.366412,-0.292021,0.74407,0.584294,-0.711775,-0.240452,0.306855,2.6227
-0.20814,0.0125136,0.845432,0.592866,0.330166,-0.719819,-0.146158,-0.5673
0.476337,0.261873,0.570154,0.383572,0.650504,0.374169,-0.538252,-0.7573
-0.395786,-0.56562,0.462865,0.288063,0.620888,-0.213136,0.697202,-1.9673
-0.64017,0.0729717,0.087742,0.231065,-0.0753763,0.797874,-0.551656,-0.7773
-0.0165973,0.0930646,0.889399,0.778307,0.193174,0.24627,0.54431,-2.7173
0.246785,-0.312929,0.896453,0.68883,0.140282,-0.683917,-0.19517,0.5027
0.0506349,-0.385362,0.234788,0.41463,0.144264,-0.404509,0.802273,2.7227
-0.0170952,0.461658,0.281769,0.323883,-0.304177,0.754944,0.482323,0.7027
0.213172,-0.0753535,0.324202,0.417394,0.100636,-0.569958,-0.700573,2.1927
-0.489039,0.332521,0.708873,0.32883,-0.639289,0.334935,0.609097,1.2427
0.297135,-0.108862,0.0434044,0.494832,0.711762,-0.239453,0.437262,2.7827
0.306425,-0.186736,0.798351,0.534774,0.533499,0.117773,0.644612,1.5527
0.272441,0.0723791,0.993477,0.433942,0.00712146,0.0349279,-0.900235,-1.4573
0.317235,0.325808,0.343074,0.033441,0.190801,0.873288,0.44704,2.7927
0.02761,-0.245354,0.838312,0.177881,0.170736,-0.942852,-0.224136,1.7627
-0.569671,0.0734906,0.705162,0.00560075,-0.747284,0.649761,-0.139085,-1.8473
0.372198,0.00632224,0.84322,0.333034,0.557923,-0.759128,-0.0391896,0.7127
-0.184905,-0.535835,0.803264,0.390109,0.21374,0.131301,0.88594,-2.3573
0.403444,-0.382943,0.617198,0.0664341,-0.994102,-0.0764939,0.0386852,-1.6973
-0.0642232,-0.360718,0.0884791,0.186161,0.585631,0.785973,-0.0680161,-2.3373
-0.4568,-0.400358,0.817913,0.0606371,0.683138,0.537673,-0.490463,2.5727
-0.656788,0.336864,0.0996594,0.0484303,-0.862496,0.36772,0.344293,2.4727
0.030163,-0.431838,0.639284,0.75877,0.50578,0.345201,0.222014,-1.3573
-0.770025,0.00209128,0.628981,0.209018,0.396992,0.00355676,-0.893698,1.5227
0.342377,-0.0629325,1.00334,0.306141,0.602245,-0.607998,0.417033,0.7027
-0.337711,0.196602,0.115267,0.00446031,0.183036,-0.980614,-0.069813,-1.5773
-0.584249,0.224461,0.725724,0.227058,-0.645239,-0.178641,-0.707247,0.8727
-0.410997,-0.145104,0.224672,0.147015,0.759588,0.492155,-0.398993,0.3327
-0.0748507,0.538959,0.62471,0.151069,0.146085,-0.527659,-0.823051,1.2627
-0.599976,0.277717,0.623126,0.760611,0.142051,-0.59346,0.221582,-1.8673
0.05525,0.5036,0.345417,0.676709,-0.292522,-0.554549,-0.385969,2.2527
0.153474,-0.476853,0.546545,0.17304,0.824429,0.286779,0.456214,-1.9973
0.440737,0.210288,0.434171,0.269081,0.343619,-0.782124,-0.444751,2.4927
-0.214053,-0.168954,0.694788,0.0810152,-0.814572,0.475145,0.322717,-1.8073
-0.0644463,-0.343338,0.447045,0.567447,-0.212646,-0.533668,0.589902,1.1027
0.0763171,-0.395032,0.331279,0.00806005,-0.356819,0.354929,0.864084,-0.3873
0.292487,0.078604,0.414121,0.374991,0.681403,-0.275656,0.564876,1.9127
-0.761889,0.285602,0.232078,0.133574,0.504607,-0.615639,-0.590355,0.0727
0.412935,0.249406,1.02283,0.735052,-0.207723,0.194537,0.615391,1.7227
0.551863,0.102497,0.635314,0.0694265,-0.937276,-0.0449547,0.338634,0.5727
-0.181602,0.27374,0.289882,0.341693,-0.697078,0.176846,0.605024,-0.9773
-0.0713366,-0.546871,0.438469,0.334532,0.643766,-0.624528,0.289168,0.2927
0.191425,0.270668,0.920852,0.134713,-0.026325,-0.343173,0.929189,2.1927
0.0672154,-0.0927563,0.246121,0.0746466,0.332223,0.00357473,0.940236,-0.5073
-0.769065,0.223372,0.55682,0.634273,0.0749058,-0.700711,-0.317949,-1.2173
0.112343,0.0225499,1.16539,0.592155,-0.175476,0.181136,-0.765343,1.6327
-0.291967,-0.521924,0.818897,0.801956,0.254056,-0.532628,-0.0928972,1.0627
0.718728,-0.298168,0.646706,0.635901,0.445679,0.319847,-0.542861,-1.4173
0.731264,-0.0176033,0.695888,0.796029,-0.179155,0.479519,-0.322959,2.5227
-0.0619975,0.177078,0.388576,0.00321942,-0.108157,0.295073,-0.949328,-0.7573
0.0747121,-0.529883,0.448846,0.198258,0.248066,-0.894171,0.31562,2.1127
-0.315122,0.186511,0.935543,0.487942,-0.322472,0.804499,0.10347,-2.4773
0.226559,-0.436816,0.901925,0.546464,0.457509,-0.171373,0.680216,-0.2573
-0.784714,-0.0974532,0.592282,0.165876,0.568284,-0.208637,-0.778466,-1.3373
-0.354402,-0.207657,0.254129,0.382514,0.161243,-0.841553,-0.345649,1.5927
-0.0504588,-0.0539771,1.00042,0.166524,-0.19707,0.881719,0.394974,-1.5373
-0.281121,0.465151,0.196157,0.0677768,0.0143981,0.919968,0.385822,0.2827
-0.190094,-0.371951,0.968209,0.473694,-0.312283,-0.799679,0.196486,1.6327
-0.812001,0.136599,0.273949,0.383007,-0.697517,-0.0803702,0.600263,-1.0973
0.298993,-0.545337,0.486869,0.144617,-0.632038,0.759038,-0.0589516,0.2127
0.376855,0.118236,1.08832,0.864211,0.286424,0.148236,-0.38617,-1.9173
-0.0535979,-0.128694,0.931603,0.00778196,-0.879242,0.476037,0.0161885,-0.9173
-0.827465,-0.00863325,0.550319,0.45907,0.497306,0.105464,-0.728573,1.9927
-0.0704416,0.359196,0.676413,0.877092,0.00237327,-0.476581,0.059786,-1.7473
0.817908,0.219782,0.335012,0.619787,-0.569698,0.532812,0.0861425,0.8227
0.504589,0.278253,0.813705,0.156194,-0.834251,0.0589205,-0.525507,0.8427
-0.283196,-0.49525,0.278935,0.354693,0.601316,0.000249373,0.715969,-2.7973
-0.140453,-0.347039,0.399148,0.712815,0.233601,-0.613188,-0.247638,1.2927
-0.570179,-0.140984,-0.158581,0.237892,0.820021,-0.497719,-0.152479,-2.1673
-0.0919011,-0.19223,0.802297,0.82366,0.297261,-0.431392,-0.217072,0.0827
0.748271,-0.213801,0.526734,0.486742,-0.1915,0.626157,0.578219,2.1927
-0.019359,-0.430887,0.19376,0.0538894,0.958039,0.219039,-0.17686,-2.8973
0.343587,0.573551,0.618312,0.0276805,0.0251159,0.836846,0.54616,-2.2373
-0.607351,0.0767842,0.913904,0.210999,-0.0100137,0.367121,0.905871,-0.9673
0.0370423,0.127845,0.0739515,0.00937367,0.806538,0.176441,0.564161,-0.1773
-0.185437,0.289895,0.461309,0.292833,0.549159,0.782473,-0.0202292,0.6827
0.290915,-0.0476931,0.386415,0.631226,-0.463942,-0.174876,0.596431,-0.9373
-0.37044,-0.118871,1.01973,0.278225,0.137001,0.056583,-0.94901,-2.0473
-0.278351,0.350812,0.99187,0.434678,-0.0120739,0.753394,0.493261,-1.6573
0.735815,0.157503,0.632424,0.465066,-0.475956,0.731682,0.147721,1.9327
0.169388,-0.132015,0.414543,0.658961,0.384796,-0.645818,0.0249434,1.9527
0.425549,-0.00997332,1.07473,0.566185,-0.106092,0.478463,-0.662762,2.7327
0.67844,0.0233447,0.306525,0.332687,-0.332575,-0.221085,0.854304,2.3927
-0.0689909,-0.22356,0.0847384,0.314784,-0.885296,0.234512,0.249331,-0.2373
-0.195289,0.414011,0.540633,0.950193,-0.185117,-0.206913,-0.141604,-2.8173
-0.540535,-0.201827,0.797279,0.903429,0.121555,-0.368793,-0.181745,2.2627
0.51522,0.26204,0.811512,0.759246,-0.217432,-0.608467,-0.0776985,-0.5873
0.0316447,-0.277382,0.869977,0.647824,0.469086,-0.254603,-0.543562,-1.2373
0.209811,0.27315,0.321116,0.0983919,0.519659,0.783781,0.325517,-0.0072999
-0.0824343,0.411479,0.971597,0.961052,-0.230377,-0.0372132,-0.148055,-1.1473
-0.221167,0.305561,0.648019,0.32108,0.821114,-0.452055,-0.135375,2.4327
0.394575,0.164701,1.03087,0.905163,-0.0770247,0.299393,0.291738,-2.3573
0.421156,-0.207618,-0.0486051,0.611334,-0.215482,0.412138,0.640298,0.7627
0.62685,-0.40578,0.446,0.354749,0.508947,-0.368216,0.692491,-0.6673
-0.724961,0.00621183,0.568001,0.503073,0.402376,0.590039,-0.486688,2.0227
0.440064,0.145155,1.03764,0.121568,0.409409,0.0812792,0.900555,0.2827
0.0297509,0.51566,0.351789,0.341867,-0.826706,0.329458,0.301896,-2.7173
-0.363095,0.344504,0.351137,0.958059,0.220565,-0.0450215,0.177333,-1.3373
0.00187652,-0.244,0.162758,0.15237,0.912085,-0.34175,-0.167605,0.6927
-0.691905,0.349822,0.535476,0.605574,-0.590757,0.0172723,0.532905,-1.2973
-0.395112,-0.241948,1.00154,0.679106,-0.107826,-0.388375,0.613477,2.8727
-0.281145,0.561926,0.433332,0.583926,-0.737365,0.289205,0.177999,-1.4873
0.364065,-0.0752216,-0.211769,0.461882,-0.85113,0.173794,-0.178992,-1.7573
0.3174,0.176946,0.111202,0.199889,0.60525,-0.769704,0.0356826,2.7427
-0.479149,-0.556596,0.303289,0.784957,0.301368,0.398807,-0.366023,1.0127
0.463435,0.575493,0.37216,0.633732,-0.709221,-0.223688,-0.212962,0.2427
-0.439518,0.53318,0.524656,0.132742,0.0362347,-0.955844,-0.259671,-1.2573
-0.0568877,0.547609,0.387595,0.100384,0.369152,0.46175,0.800273,1.7527
-0.72938,-0.243691,0.703027,0.551069,-0.581412,-0.490486,0.343084,2.3927
-0.0244954,-0.298257,0.798757,0.00939653,-0.0828588,-0.894258,-0.439714,0.6327
0.378721,-0.0623823,0.875752,0.486015,-0.730399,-0.424142,0.224521,1.4627
0.118513,-0.512715,0.235964,0.83528,0.462886,-0.284951,0.0827496,2.3027
-0.815163,0.055139,0.575787,0.24849,0.522794,0.153871,-0.800789,1.4027
0.48152,0.323569,0.937959,0.340875,0.0824081,-0.426845,-0.833557,-2.3973
0.659943,-0.443978,0.57719,0.625819,0.757876,0.178198,0.0471141,-0.9873
-0.0941499,-0.181314,0.397334,0.442002,0.0531258,0.0984925,0.890006,-0.8973
0.505922,0.0619515,0.964933,0.694884,-0.638822,0.283444,0.169415,1.5227
0.296365,-0.412152,0.553646,0.303866,-0.39691,-0.384591,-0.776027,-1.9873
-0.334977,-0.499679,0.402132,0.380709,0.140937,-0.829493,0.383588,2.7227
-0.500521,-0.0787508,0.963692,0.0763078,-0.321678,-0.108984,0.937456,-0.6973
-0.168764,0.186305,1.04968,0.236924,-0.339557,-0.796103,-0.441349,-0.5173
-0.509433,-0.547902,0.542453,0.187333,0.391485,-0.600881,0.671258,-0.8673
-0.58361,-0.0278289,0.124671,0.701255,-0.409577,0.460979,-0.35775,-1.4673
-0.498079,-0.319749,-0.0526481,0.345313,0.648671,0.574738,-0.360084,0.3427
0.249927,-0.21374,0.450572,0.879435,-0.371493,-0.21879,-0.201787,-1.4673
0.0874463,-0.259986,0.18248,0.342956,-0.402792,0.731363,-0.430404,-2.3973
-0.492646,-0.351484,0.0894534,0.247348,0.229934,-0.880834,0.331785,0.3727
0.272748,0.175795,0.757395,0.0105104,-0.686694,0.0403511,0.725749,1.7827
-0.0690902,0.521953,0.664132,0.786999,-0.519043,-0.160388,0.29241,-1.3573
0.379652,0.323908,0.580347,0.0987986,0.201086,0.670413,-0.707354,1.7727
-0.0375095,0.337986,0.31941,0.657737,-0.289971,0.680646,0.14149,-1.1273
-0.103089,0.286169,0.60828,0.164425,-0.863648,-0.432571,0.199898,0.0127001
-0.298801,-0.375119,0.0653274,0.420565,-0.712872,0.240172,0.507205,-0.6373
0.131813,-0.0712447,-0.0452934,0.532602,0.312113,-0.210471,0.758038,-2.1773
0.421144,-0.364335,0.153162,0.671216,-0.0476606,-0.708666,0.212109,2.7727
-0.567606,-0.362009,0.215853,0.452003,0.510787,-0.00783302,0.731251,-2.5773
0.253484,0.531406,0.721914,0.276461,-0.383479,0.378924,0.795569,1.9927
-0.536654,-0.385213,0.678039,0.820644,0.316028,-0.262179,0.397407,-1.4973
-0.441242,0.25052,0.702806,0.185228,0.748826,-0.00565472,0.636332,1.0527
0.826657,0.175082,0.276486,0.301922,0.685842,0.474202,0.462164,-0.4773
-0.223903,-0.088265,1.02249,0.464997,0.884715,0.0315478,-0.00787353,-2.0473
0.394411,0.348979,-0.0178324,0.357234,-0.848324,-0.379499,-0.0933295,1.9727
0.702584,-0.0393563,0.269538,0.437157,0.244996,-0.859029,0.104598,2.4727
-0.416961,-0.544398,0.420472,0.366945,-0.0109883,0.811158,-0.455251,0.4427
0.338611,0.0481461,0.178726,0.36992,-0.808061,-0.170188,-0.425715,-2.3873
0.51572,0.397643,0.630555,0.6913,0.185659,0.36156,0.597419,0.6127
-0.23275,0.464875,0.874923,0.356886,-0.510047,0.326226,0.711379,2.2527
-0.0877237,-0.18432,0.218072,0.11825,-0.844873,-0.373596,0.364187,1.7927
0.65631,0.177994,0.205681,0.31063,0.0951439,0.925498,0.194707,-2.4373
-0.565242,0.13525,0.389156,0.112246,-0.00307566,0.890729,-0.440447,-0.5773
-0.280588,-0.499208,0.406351,0.434112,0.747839,-0.00302653,0.50227,-2.8873
-0.00857675,0.597501,0.776059,0.896605,-0.235736,0.251243,0.278218,-1.1373
-0.0282407,-0.431148,0.116877,0.39169,0.00534,0.840218,-0.374945,0.0927
0.168879,0.303328,0.602149,0.918626,0.210765,-0.293634,0.159635,-0.1473
0.383876,-0.326996,0.497485,0.933185,0.0248308,0.298161,-0.199122,0.1227
0.0526255,0.0253634,0.722048,0.245217,0.780194,-0.469333,0.333004,-1.3673
0.0585249,-0.036924,0.599082,0.609768,-0.275109,-0.605026,0.431788,2.6227
0.150734,0.0769354,1.16147,0.585402,-0.358683,0.170999,0.70669,2.5727
0.347844,-0.153388,0.77512,0.725236,-0.0480614,0.646254,-0.232551,2.7727
-0.160666,0.309276,0.135606,0.0997789,-0.79104,-0.55425,-0.23897,0.5827
0.812899,-0.164879,0.191084,0.670609,0.265845,0.633786,0.279149,1.6527
0.606202,-0.428495,0.220161,0.112774,-0.858815,-0.352106,-0.354598,-2.0873
-0.0344575,-0.305081,0.572856,0.0281432,0.650471,-0.718259,-0.245355,1.0527
0.223834,0.301649,1.00791,0.681369,-0.340614,-0.224286,-0.607794,2.2627
0.612354,0.163686,-0.197278,0.0454544,0.664714,0.176817,0.724448,2.5927
-0.17067,0.243192,0.256184,0.0597291,0.787609,0.0699894,-0.609267,0.8027
-0.613117,-0.0174385,0.521186,0.209911,0.655361,0.612277,0.389303,1.4327
0.292345,-0.151527,1.06134,0.0966562,-0.208851,0.576989,-0.78366,2.1427
0.291292,0.287797,0.258161,0.064206,0.556961,-0.824324,-0.0785038,2.4227
0.278648,-0.564386,0.67931,0.228822,0.850746,0.214636,0.421667,-2.0773
0.00932597,-0.437098,0.0995822,0.644311,0.370139,-0.604148,0.287865,-2.6873
0.503386,0.0846323,0.698447,0.165362,-0.515012,-0.68135,0.493133,-2.3073
-0.369924,0.427427,0.803544,0.119007,-0.980031,0.0107883,0.158936,2.1527
-0.338032,0.238497,0.839472,0.247388,0.7762,-0.18318,0.550234,0.4227
0.208935,-0.443281,0.522047,0.634226,-0.119965,-0.197886,-0.737704,0.0427001
-0.617214,0.190295,0.459518,0.590581,-0.743032,-0.281149,0.141677,-2.8173
0.11065,-0.250793,0.696307,0.414364,0.624166,-0.182482,-0.636725,-0.8973
0.302488,0.24716,0.445813,0.320649,0.0617388,0.12328,-0.93711,-2.8473
-0.792894,0.280753,0.326529,0.407881,-0.0443674,-0.898143,-0.158123,-0.6073
-0.0937916,0.148044,1.00421,0.633811,0.160925,0.336569,0.677575,-1.6273
-0.208363,-0.366177,0.460074,0.453601,0.398308,0.058473,-0.795096,0.5627
