Format Version,1.2,Take Name,Take 2025-01-31 10.32.23 AM,Capture Frame Rate,60.000000,Export Frame Rate,60.000000,Capture Start Time,2025-01-31 10.32.23.662 AM,Total Frames,298,Rotation Type,Quaternion,Length Units,Meters,Coordinate Space,Global

,,Marker,Marker,Marker,Marker,Marker,Marker,Marker,Marker,Marker,Marker,Marker,Marker,Marker,Marker,Marker,Marker,Marker,Marker,Marker,Marker,Marker,Marker,Marker,Marker,Marker,Marker,Marker,Marker,Marker,Marker,Marker,Marker,Marker,Marker,Marker,Marker,Marker,Marker,Marker,Marker,Marker,Marker,Marker,Marker,Marker,Marker,Marker,Marker,Marker,Marker,Marker,Marker,Marker,Marker,Marker,Marker,Marker,Marker,Marker,Marker
,,Arm_thumb,Arm_thumb,Arm_thumb,Arm_finger,Arm_finger,Arm_finger,Marker_110,Marker_110,Marker_110,Marker_109,Marker_109,Marker_109,Marker_114,Marker_114,Marker_114,Marker_115,Marker_115,Marker_115,Marker_116,Marker_116,Marker_116,Marker_117,Marker_117,Marker_117,Arm_right_shoulder,Arm_right_shoulder,Arm_right_shoulder,Marker_119,Marker_119,Marker_119,Marker_120,Marker_120,Marker_120,Marker_122,Marker_122,Marker_122,Arm_outside_elbow,Arm_outside_elbow,Arm_outside_elbow,Marker_124,Marker_124,Marker_124,Arm_hand,Arm_hand,Arm_hand,Marker_126,Marker_126,Marker_126,Marker_127,Marker_127,Marker_127,Arm_inside_elbow,Arm_inside_elbow,Arm_inside_elbow,Arm_left_shoulder,Arm_left_shoulder,Arm_left_shoulder,Marker_134,Marker_134,Marker_134
,,"8392B20CF49E35717C915B400000001","8392B20CF49E35717C915B400000001","8392B20CF49E35717C915B400000001","8392B20CF49E35717C915B400000000","8392B20CF49E35717C915B400000000","8392B20CF49E35717C915B400000000","8392B20CF49E35706E","8392B20CF49E35706E","8392B20CF49E35706E","8392B20CF49E35706D","8392B20CF49E35706D","8392B20CF49E35706D","8392B20CF49E357072","8392B20CF49E357072","8392B20CF49E357072","8392B20CF49E357073","8392B20CF49E357073","8392B20CF49E357073","8392B20CF49E357074","8392B20CF49E357074","8392B20CF49E357074","8392B20CF49E357075","8392B20CF49E357075","8392B20CF49E357075","8392B20CF49E35717C915B400000005","8392B20CF49E35717C915B400000005","8392B20CF49E35717C915B400000005","8392B20CF49E357077","8392B20CF49E357077","8392B20CF49E357077","8392B20CF49E357078","8392B20CF49E357078","8392B20CF49E357078","8392B20CF49E35707A","8392B20CF49E35707A","8392B20CF49E35707A","8392B20CF49E35717C915B400000004","8392B20CF49E35717C915B400000004","8392B20CF49E35717C915B400000004","8392B20CF49E35707C","8392B20CF49E35707C","8392B20CF49E35707C","8392B20CF49E35717C915B400000002","8392B20CF49E35717C915B400000002","8392B20CF49E35717C915B400000002","8392B20CF49E35707E","8392B20CF49E35707E","8392B20CF49E35707E","8392B20CF49E35707F","8392B20CF49E35707F","8392B20CF49E35707F","8392B20CF49E35717C915B400000003","8392B20CF49E35717C915B400000003","8392B20CF49E35717C915B400000003","8392B20CF49E35717C915B400000006","8392B20CF49E35717C915B400000006","8392B20CF49E35717C915B400000006","8392B20CF49E357086","8392B20CF49E357086","8392B20CF49E357086"
,,Position,Position,Position,Position,Position,Position,Position,Position,Position,Position,Position,Position,Position,Position,Position,Position,Position,Position,Position,Position,Position,Position,Position,Position,Position,Position,Position,Position,Position,Position,Position,Position,Position,Position,Position,Position,Position,Position,Position,Position,Position,Position,Position,Position,Position,Position,Position,Position,Position,Position,Position,Position,Position,Position,Position,Position,Position,Position,Position,Position
Frame,Time,X,Y,Z,X,Y,Z,X,Y,Z,X,Y,Z,X,Y,Z,X,Y,Z,X,Y,Z,X,Y,Z,X,Y,Z,X,Y,Z,X,Y,Z,X,Y,Z,X,Y,Z,X,Y,Z,X,Y,Z,X,Y,Z,X,Y,Z,X,Y,Z,X,Y,Z,X,Y,Z
646,10.766667,-0.003972,0.997881,0.290544,-0.106563,1.011019,0.132149,,,,,,,,,,,,,,,,,,,0.634778,1.873637,0.789039,,,,,,,,,,0.563437,1.487121,0.319360,,,,-0.037264,1.147791,0.135120,,,,,,,0.599222,1.291849,0.427793,0.816599,1.863203,1.764461,,,
647,10.783333,0.001204,0.985756,0.297585,-0.102252,0.997661,0.139038,,,,,,,,,,,,,,,,,,,0.634200,1.872939,0.788635,,,,,,,,,,0.564330,1.480937,0.322128,,,,-0.033739,1.134523,0.140993,,,,,,,0.600750,1.287892,0.429945,0.816608,1.863203,1.764160,,,
648,10.800000,0.006105,0.973732,0.305295,-0.098333,0.984398,0.146621,,,,,,,,,,,,,,,,,,,0.633619,1.872236,0.788242,,,,,,,,,,0.564845,1.474721,0.324990,,,,-0.030540,1.121277,0.147599,,,,,,,0.602129,1.283967,0.432003,0.816616,1.863202,1.763986,,,
649,10.816667,0.010725,0.961879,0.313626,-0.094801,0.971302,0.154839,,,,,,,,,,,,,,,,,,,0.633029,1.871522,0.787864,,,,,,,,,,0.565024,1.468494,0.327951,,,,-0.027664,1.108122,0.154867,,,,,,,0.603361,1.280081,0.433971,0.816624,1.863202,1.763923,,,
650,10.833333,0.015026,0.950278,0.322522,-0.091671,0.958465,0.163618,,,,,,,,,,,,,,,,,,,0.632423,1.870793,0.787505,,,,,,,,,,0.564897,1.462287,0.331005,,,,-0.025118,1.095142,0.162721,,,,,,,0.604446,1.276240,0.435946,0.816633,1.863202,1.763964,,,
651,10.850000,0.018962,0.939002,0.331920,-0.088970,0.945982,0.172890,,,,,,,,,,,,,,,,,,,0.631804,1.870044,0.787167,,,,,,,,,,0.564485,1.456142,0.334136,,,,-0.022913,1.082430,0.171092,,,,,,,0.605382,1.272451,0.438026,0.816641,1.863202,1.764113,,,
652,10.866667,0.022505,0.928104,0.341752,-0.086717,0.933929,0.182609,,,,,,,,,,,,,,,,,,,0.631177,1.869275,0.786853,,,,,,,,,,0.563795,1.450110,0.337316,,,,-0.021059,1.070070,0.179931,,,,,,,0.606170,1.268721,0.440216,0.816650,1.863201,1.764385,,,
653,10.883333,0.025665,0.917627,0.351950,-0.084909,0.922355,0.192750,,,,,,,,,,,,,,,,,,,0.630549,1.868495,0.786563,,,,,,,,,,0.562840,1.444237,0.340512,,,,-0.019573,1.058140,0.189197,,,,,,,0.606806,1.265057,0.442530,0.816658,1.863201,1.764809,,,
654,10.900000,0.028463,0.907631,0.362452,-0.083528,0.911306,0.203279,,,,,,,,,,,,,,,,,,,0.629926,1.867720,0.786295,,,,,,,,,,0.561637,1.438553,0.343692,,,,-0.018467,1.046711,0.198842,,,,,,,0.607288,1.261465,0.444894,0.816667,1.863201,1.765428,,,
655,10.916667,0.030891,0.898194,0.373204,-0.082575,0.900852,0.214128,,,,,,,,,,,,,,,,,,,0.629317,1.866963,0.786044,,,,,,,,,,0.560206,1.433080,0.346829,,,,-0.017748,1.035854,0.208797,,,,,,,0.607613,1.257954,0.447235,0.816676,1.863201,1.766306,,,
656,10.933333,0.032901,0.889391,0.384147,-0.082082,0.891091,0.225205,,,,,,,,,,,,,,,,,,,0.628730,1.866231,0.785812,,,,,,,,,,0.558563,1.427854,0.349918,,,,-0.017422,1.025641,0.218982,,,,,,,0.607779,1.254532,0.449585,0.816684,1.863200,1.767533,,,
657,10.950000,0.034443,0.881278,0.395218,-0.082090,0.882116,0.236432,,,,,,,,,,,,,,,,,,,0.628165,1.865520,0.785604,,,,,,,,,,0.556723,1.422926,0.352986,,,,-0.017500,1.016143,0.229326,,,,,,,0.607781,1.251207,0.451975,0.816693,1.863200,1.769235,,,
658,10.966667,0.035498,0.873900,0.406352,-0.082616,0.873991,0.247769,,,,,,,,,,,,,,,,,,,0.627623,1.864829,0.785432,,,,,,,,,,0.554698,1.418336,0.356066,,,,-0.017994,1.007422,0.239781,,,,,,,0.607618,1.247988,0.454442,0.816702,1.863200,1.771278,,,
659,10.983333,0.036086,0.867297,0.417485,-0.083651,0.866758,0.259196,,,,,,,,,,,,,,,,,,,0.627100,1.864161,0.785296,,,,,,,,,,0.552499,1.414101,0.359142,,,,-0.018908,0.999539,0.250316,,,,,,,0.607285,1.244884,0.456925,0.816711,1.863199,1.773255,,,
660,11.000000,0.036253,0.861510,0.428558,-0.085158,0.860445,0.270693,,,,,,,,,,,,,,,,,,,0.626592,1.863519,0.785195,,,,,,,,,,0.550143,1.410238,0.362173,,,,-0.020244,0.992548,0.260896,,,,,,,0.606778,1.241904,0.459365,0.816720,1.863199,1.775059,,,
661,11.016667,0.036028,0.856593,0.439507,-0.087095,0.855083,0.282209,,,,,,,,,,,,,,,,,,,0.626097,1.862908,0.785123,,,,,,,,,,0.547655,1.406763,0.365106,,,,-0.021998,0.986499,0.271461,,,,,,,0.606096,1.239061,0.461803,0.816729,1.863199,1.776876,,,
662,11.033333,0.035396,0.852623,0.450263,-0.089531,0.850730,0.293626,,,,,,,,,,,,,,,,,,,0.625616,1.862331,0.785080,,,,,,,,,,0.545057,1.403679,0.367852,,,,-0.024163,0.981441,0.281910,,,,,,,0.605233,1.236364,0.464176,0.816738,1.863198,1.778894,,,
663,11.050000,0.034286,0.849683,0.460744,-0.092567,0.847464,0.304782,,,,,,,,,,,,,,,,,,,0.625152,1.861789,0.785066,,,,,,,,,,0.542383,1.400996,0.370418,,,,-0.026737,0.977428,0.292103,,,,,,,0.604188,1.233825,0.466413,0.816746,1.863198,1.781010,,,
664,11.066667,0.032601,0.847857,0.470852,-0.096135,0.845333,0.315537,,,,,,,,,,,,,,,,,,,0.624710,1.861280,0.785082,,,,,,,,,,0.539664,1.398724,0.372801,,,,-0.029720,0.974516,0.301878,,,,,,,0.602957,1.231457,0.468535,0.816755,1.863198,1.782825,,,
665,11.083333,0.030255,0.847216,0.480471,-0.100179,0.844385,0.325743,,,,,,,,,,,,,,,,,,,0.624292,1.860803,0.785125,,,,,,,,,,0.536900,1.396867,0.374812,,,,-0.033125,0.972765,0.311080,,,,,,,0.601537,1.229273,0.470550,0.816764,1.863197,1.784215,,,
666,11.100000,0.027178,0.847817,0.489469,-0.104735,0.844681,0.335232,,,,,,,,,,,,,,,,,,,0.623904,1.860355,0.785188,,,,,,,,,,0.534102,1.395436,0.376359,,,,-0.036969,0.972238,0.319560,,,,,,,0.599926,1.227286,0.472561,0.816773,1.863197,1.785324,,,
667,11.116667,0.023313,0.849692,0.497704,-0.109841,0.846287,0.343832,,,,,,,,,,,,,,,,,,,0.623547,1.859942,0.785266,,,,,,,,,,0.531307,1.394439,0.377564,,,,-0.041272,0.973001,0.327189,,,,,,,0.598122,1.225511,0.474565,0.816782,1.863197,1.786265,,,
668,11.133333,0.018614,0.852856,0.505039,-0.115534,0.849271,0.351395,,,,,,,,,,,,,,,,,,,0.623224,1.859570,0.785359,,,,,,,,,,0.528542,1.393876,0.378511,,,,-0.046052,0.975118,0.333857,,,,,,,0.596124,1.223964,0.476348,0.816791,1.863196,1.787137,,,
669,11.150000,0.013049,0.857317,0.511357,-0.121845,0.853704,0.357804,,,,,,,,,,,,,,,,,,,0.622935,1.859246,0.785469,,,,,,,,,,0.525822,1.393741,0.379206,,,,-0.051317,0.978652,0.339479,,,,,,,0.593931,1.222660,0.477884,0.816800,1.863196,1.788028,,,
670,11.166667,0.006603,0.863086,0.516580,-0.128798,0.859658,0.362979,,,,,,,,,,,,,,,,,,,0.622681,1.858978,0.785594,,,,,,,,,,0.523170,1.394027,0.379649,,,,-0.057060,0.983658,0.343996,,,,,,,0.591545,1.221616,0.479227,0.816809,1.863196,1.789030,,,
671,11.183333,-0.000721,0.870175,0.520658,-0.136398,0.867208,0.366874,,,,,,,,,,,,,,,,,,,0.622464,1.858773,0.785730,,,,,,,,,,0.520620,1.394720,0.379844,,,,-0.063262,0.990183,0.347379,,,,,,,0.588967,1.220848,0.480305,0.816817,1.863195,1.790246,,,
672,11.200000,-0.008881,0.878590,0.523575,-0.144622,0.876406,0.369487,,,,,,,,,,,,,,,,,,,0.622287,1.858631,0.785869,,,,,,,,,,0.518205,1.395798,0.379793,,,,-0.069888,0.998264,0.349639,,,,,,,0.586201,1.220373,0.481124,0.816826,1.863195,1.791802,,,
673,11.216667,-0.017794,0.888324,0.525352,-0.153416,0.887267,0.370871,,,,,,,,,,,,,,,,,,,0.622151,1.858554,0.786008,,,,,,,,,,0.515956,1.397238,0.379505,,,,-0.076888,1.007911,0.350824,,,,,,,0.583253,1.220207,0.481769,0.816835,1.863195,1.793548,,,
674,11.233333,-0.027349,0.899350,0.526050,-0.162688,0.899761,0.371131,,,,,,,,,,,,,,,,,,,0.622062,1.858539,0.786145,,,,,,,,,,0.513893,1.399019,0.378991,,,,-0.084193,1.019103,0.351023,,,,,,,0.580132,1.220367,0.482305,0.816843,1.863195,1.795047,,,
675,11.250000,-0.037413,0.911614,0.525771,-0.172316,0.913809,0.370414,,,,,,,,,,,,,,,,,,,0.622023,1.858587,0.786276,,,,,,,,,,0.512020,1.401124,0.378265,,,,-0.091711,1.031779,0.350359,,,,,,,0.576852,1.220865,0.482788,0.816852,1.863194,1.796142,,,
676,11.266667,-0.047822,0.925029,0.524649,-0.182158,0.929286,0.368906,,,,,,,,,,,,,,,,,,,0.622035,1.858703,0.786403,,,,,,,,,,0.510325,1.403541,0.377337,,,,-0.099340,1.045838,0.348988,,,,,,,0.573427,1.221712,0.483267,0.816860,1.863194,1.796946,,,
677,11.283333,-0.058389,0.939476,0.522840,-0.192061,0.946015,0.366825,,,,,,,,,,,,,,,,,,,0.622098,1.858890,0.786526,,,,,,,,,,0.508776,1.406262,0.376214,,,,-0.106969,1.061130,0.347089,,,,,,,0.569880,1.222915,0.483793,0.816869,1.863194,1.797543,,,
678,11.300000,-0.068925,0.954825,0.520544,-0.201870,0.963782,0.364388,,,,,,,,,,,,,,,,,,,0.622206,1.859147,0.786648,,,,,,,,,,0.507326,1.409275,0.374902,,,,-0.114491,1.077465,0.344841,,,,,,,0.566239,1.224471,0.484313,0.816877,1.863194,1.797993,,,
679,11.316667,-0.079262,0.970944,0.517984,-0.211447,0.982360,0.361787,,,,,,,,,,,,,,,,,,,0.622350,1.859469,0.786770,,,,,,,,,,0.505913,1.412555,0.373402,,,,-0.121810,1.094636,0.342406,,,,,,,0.562537,1.226370,0.484673,0.816885,1.863194,1.798344,,,
680,11.333333,-0.089254,0.987676,0.515329,-0.220671,1.001531,0.359170,,,,,,,,,,,,,,,,,,,0.622519,1.859845,0.786897,,,,,,,,,,0.504470,1.416071,0.371722,,,,-0.128842,1.112436,0.339921,,,,,,,0.558816,1.228588,0.484804,0.816893,1.863193,1.798631,,,
681,11.350000,-0.098777,1.004853,0.512689,-0.229454,1.021109,0.356649,,,,,,,,,,,,,,,,,,,0.622698,1.860264,0.787028,,,,,,,,,,0.502916,1.419782,0.369866,,,,-0.135516,1.130674,0.337502,,,,,,,0.555122,1.231085,0.484719,0.816901,1.863193,1.798883,,,
682,11.366667,-0.107747,1.022312,0.510156,-0.237740,1.040938,0.354308,,,,,,,,,,,,,,,,,,,0.622876,1.860712,0.787164,,,,,,,,,,0.501150,1.423645,0.367832,,,,-0.141778,1.149177,0.335247,,,,,,,0.551506,1.233798,0.484409,0.816909,1.863193,1.799127,,,
683,11.383333,-0.116113,1.039906,0.507806,-0.245493,1.060874,0.352223,,,,,,,,,,,,,,,,,,,0.623047,1.861181,0.787304,,,,,,,,,,0.499341,1.427611,0.365698,,,,-0.147584,1.167799,0.333234,,,,,,,0.548011,1.236644,0.483844,0.816916,1.863193,1.799388,,,
684,11.400000,-0.123846,1.057502,0.505703,-0.252682,1.080768,0.350469,,,,,,,,,,,,,,,,,,,0.623208,1.861660,0.787445,,,,,,,,,,0.497920,1.431626,0.363630,,,,-0.152903,1.186410,0.331530,,,,,,,0.544662,1.239538,0.482965,0.816924,1.863192,1.799692,,,
685,11.416667,-0.130933,1.074979,0.503900,-0.259286,1.100470,0.349116,,,,,,,,,,,,,,,,,,,0.623355,1.862141,0.787583,,,,,,,,,,0.497009,1.435645,0.361688,,,,-0.157712,1.204891,0.330191,,,,,,,0.541447,1.242420,0.481680,0.816931,1.863192,1.800071,,,
686,11.433333,-0.137363,1.092215,0.502445,-0.265290,1.119833,0.348230,,,,,,,,,,,,,,,,,,,0.623485,1.862614,0.787716,,,,,,,,,,0.496454,1.439635,0.359847,,,,-0.162001,1.223123,0.329266,,,,,,,0.538351,1.245267,0.479859,0.816939,1.863192,1.800255,,,
687,11.450000,-0.143124,1.109096,0.501376,-0.270686,1.138705,0.347858,,,,,,,,,,,,,,,,,,,0.623599,1.863074,0.787841,,,,,,,,,,0.496152,1.443565,0.358098,,,,-0.165763,1.240980,0.328793,,,,,,,0.535376,1.248065,0.477569,0.816946,1.863191,1.799645,,,
688,11.466667,-0.148207,1.125525,0.500722,-0.275472,1.156943,0.348018,,,,,,,,,,,,,,,,,,,0.623697,1.863517,0.787956,,,,,,,,,,0.496023,1.447405,0.356440,,,,-0.169004,1.258350,0.328792,,,,,,,0.532535,1.250795,0.475157,0.816952,1.863191,1.797867,,,
689,11.483333,-0.152627,1.141428,0.500503,-0.279662,1.174441,0.348689,,,,,,,,,,,,,,,,,,,0.623775,1.863941,0.788059,,,,,,,,,,0.495988,1.451124,0.354873,,,,-0.171726,1.275133,0.329259,,,,,,,0.529833,1.253441,0.472829,0.816959,1.863191,1.795358,,,
690,11.500000,-0.156426,1.156742,0.500729,-0.283303,1.191155,0.349817,,,,,,,,,,,,,,,,,,,0.623830,1.864345,0.788150,,,,,,,,,,0.495971,1.454698,0.353396,,,,-0.173927,1.291223,0.330178,,,,,,,0.527269,1.255986,0.470602,0.816966,1.863190,1.793097,,,
691,11.516667,-0.159674,1.171405,0.501398,-0.286464,1.207079,0.351342,,,,,,,,,,,,,,,,,,,0.623862,1.864725,0.788231,,,,,,,,,,0.495899,1.458113,0.352003,,,,-0.175597,1.306538,0.331529,,,,,,,0.524836,1.258420,0.468488,0.816972,1.863190,1.791468,,,
692,11.533333,-0.162471,1.185372,0.502486,-0.289217,1.222203,0.353226,,,,,,,,,,,,,,,,,,,0.623866,1.865079,0.788304,,,,,,,,,,0.495697,1.461360,0.350681,,,,-0.176713,1.321030,0.333301,,,,,,,0.522526,1.260737,0.466491,0.816978,1.863190,1.790305,,,
693,11.550000,-0.164938,1.198617,0.503958,-0.291627,1.236502,0.355444,,,,,,,,,,,,,,,,,,,0.623836,1.865407,0.788368,,,,,,,,,,0.495277,1.464431,0.349411,,,,-0.177422,1.334684,0.335431,,,,,,,0.520328,1.262931,0.464617,0.816984,1.863189,1.789487,,,
694,11.566667,-0.167167,1.211105,0.505777,-0.293751,1.249951,0.357972,,,,,,,,,,,,,,,,,,,0.623768,1.865706,0.788421,,,,,,,,,,0.494545,1.467317,0.348172,,,,-0.178046,1.347513,0.337806,,,,,,,0.518233,1.264994,0.462870,0.816989,1.863189,1.788931,,,
695,11.583333,-0.169172,1.222769,0.507886,-0.295635,1.262527,0.360783,,,,,,,,,,,,,,,,,,,0.623656,1.865979,0.788462,,,,,,,,,,0.493393,1.470011,0.346944,,,,-0.178727,1.359522,0.340371,,,,,,,0.516226,1.266915,0.461254,0.816994,1.863189,1.788579,,,
696,11.600000,-0.170881,1.233532,0.510193,-0.297318,1.274216,0.363848,,,,,,,,,,,,,,,,,,,0.623495,1.866225,0.788489,,,,,,,,,,0.491691,1.472507,0.345706,,,,-0.179437,1.370700,0.343116,,,,,,,0.514297,1.268684,0.459779,0.816999,1.863188,1.788394,,,
697,11.616667,-0.172190,1.243329,0.512595,-0.298840,1.285011,0.367133,,,,,,,,,,,,,,,,,,,0.623289,1.866445,0.788507,,,,,,,,,,0.489632,1.474797,0.344516,,,,-0.180167,1.381041,0.346022,,,,,,,0.512433,1.270295,0.458453,0.817004,1.863188,1.788359,,,
698,11.633333,-0.173029,1.252129,0.515016,-0.300237,1.294904,0.370594,,,,,,,,,,,,,,,,,,,0.623042,1.866644,0.788519,,,,,,,,,,0.487757,1.476863,0.343511,,,,-0.180919,1.390534,0.349066,,,,,,,0.510617,1.271749,0.457286,0.817009,1.863188,1.788469,,,
699,11.650000,-0.173448,1.259959,0.517453,-0.301537,1.303885,0.374190,,,,,,,,,,,,,,,,,,,0.622757,1.866823,0.788531,,,,,,,,,,0.486258,1.478703,0.342739,,,,-0.181703,1.399166,0.352230,,,,,,,0.508837,1.273052,0.456285,0.817013,1.863187,1.788735,,,
700,11.666667,-0.173652,1.266910,0.520006,-0.302765,1.311946,0.377895,,,,,,,,,,,,,,,,,,,0.622436,1.866987,0.788546,,,,,,,,,,0.485013,1.480330,0.342173,,,,-0.182527,1.406929,0.355508,,,,,,,0.507087,1.274212,0.455445,0.817017,1.863187,1.789185,,,
701,11.683333,-0.173863,1.273063,0.522796,-0.303940,1.319089,0.381699,,,,,,,,,,,,,,,,,,,0.622078,1.867139,0.788566,,,,,,,,,,0.483948,1.481753,0.341791,,,,-0.183397,1.413826,0.358897,,,,,,,0.505367,1.275233,0.454762,0.817020,1.863187,1.789866,,,
702,11.700000,-0.174146,1.278430,0.525858,-0.305077,1.325326,0.385609,,,,,,,,,,,,,,,,,,,0.621682,1.867284,0.788590,,,,,,,,,,0.483035,1.482979,0.341578,,,,-0.184317,1.419865,0.362399,,,,,,,0.503683,1.276116,0.454229,0.817023,1.863187,1.790847,,,
703,11.716667,-0.174471,1.282986,0.529163,-0.306190,1.330670,0.389636,,,,,,,,,,,,,,,,,,,0.621249,1.867421,0.788618,,,,,,,,,,0.482260,1.484015,0.341521,,,,-0.185289,1.425059,0.366015,,,,,,,0.502044,1.276864,0.453837,0.817026,1.863187,1.792230,,,
704,11.733333,-0.174822,1.286727,0.532651,-0.307293,1.335131,0.393785,,,,,,,,,,,,,,,,,,,0.620780,1.867544,0.788652,,,,,,,,,,0.481626,1.484875,0.341613,,,,-0.186318,1.429416,0.369745,,,,,,,0.500450,1.277483,0.453567,0.817028,1.863187,1.793847,,,
705,11.750000,-0.175187,1.289673,0.536246,-0.308395,1.338704,0.398055,,,,,,,,,,,,,,,,,,,0.620273,1.867648,0.788692,,,,,,,,,,0.481191,1.485574,0.341860,,,,-0.187418,1.432940,0.373591,,,,,,,0.498897,1.277982,0.453400,0.817030,1.863187,1.795247,,,
706,11.766667,-0.175562,1.291860,0.539864,-0.309503,1.341373,0.402440,,,,,,,,,,,,,,,,,,,0.619731,1.867730,0.788742,,,,,,,,,,0.481051,1.486126,0.342277,,,,-0.188602,1.435632,0.377556,,,,,,,0.497365,1.278373,0.453317,0.817032,1.863187,1.796264,,,
707,11.783333,-0.175945,1.293329,0.543435,-0.310618,1.343127,0.406923,,,,,,,,,,,,,,,,,,,0.619154,1.867793,0.788804,,,,,,,,,,0.481305,1.486542,0.342886,,,,-0.189888,1.437502,0.381636,,,,,,,0.495830,1.278662,0.453307,0.817033,1.863187,1.797003,,,
708,11.800000,-0.176340,1.294121,0.546917,-0.311753,1.343978,0.411483,,,,,,,,,,,,,,,,,,,0.618545,1.867844,0.788877,,,,,,,,,,0.481708,1.486837,0.343629,,,,-0.191290,1.438566,0.385821,,,,,,,0.494259,1.278860,0.453367,0.817034,1.863187,1.797540,,,
709,11.816667,-0.176752,1.294269,0.550314,-0.312921,1.343964,0.416099,,,,,,,,,,,,,,,,,,,0.617906,1.867889,0.788960,,,,,,,,,,0.481696,1.487038,0.344375,,,,-0.192818,1.438850,0.390106,,,,,,,0.492563,1.278980,0.453508,0.817034,1.863187,1.797931,,,
710,11.833333,-0.177189,1.293788,0.553692,-0.314138,1.343131,0.420763,,,,,,,,,,,,,,,,,,,0.617236,1.867928,0.789053,,,,,,,,,,0.481062,1.487156,0.345078,,,,-0.194481,1.438387,0.394502,,,,,,,0.490697,1.279043,0.453738,0.817034,1.863187,1.798215,,,
711,11.850000,-0.177659,1.292653,0.557147,-0.315410,1.341513,0.425481,,,,,,,,,,,,,,,,,,,0.616536,1.867957,0.789153,,,,,,,,,,0.479927,1.487190,0.345768,,,,-0.196285,1.437202,0.399038,,,,,,,0.488818,1.279051,0.454046,0.817033,1.863187,1.798422,,,
712,11.866667,-0.178163,1.290831,0.560741,-0.316735,1.339126,0.430266,,,,,,,,,,,,,,,,,,,0.615801,1.867972,0.789264,,,,,,,,,,0.478382,1.487138,0.346474,,,,-0.198237,1.435321,0.403757,,,,,,,0.487088,1.278996,0.454417,0.817031,1.863187,1.798573,,,
713,11.883333,-0.178694,1.288316,0.564471,-0.318106,1.335986,0.435121,,,,,,,,,,,,,,,,,,,0.615029,1.867972,0.789388,,,,,,,,,,0.476491,1.486999,0.347216,,,,-0.200339,1.432763,0.408713,,,,,,,0.485554,1.278877,0.454849,0.817030,1.863188,1.798684,,,
714,11.900000,-0.179245,1.285127,0.568316,-0.319514,1.332112,0.440046,,,,,,,,,,,,,,,,,,,0.614220,1.867963,0.789528,,,,,,,,,,0.474308,1.486766,0.348009,,,,-0.202592,1.429545,0.413973,,,,,,,0.484218,1.278691,0.455355,0.817027,1.863188,1.798766,,,
715,11.916667,-0.179810,1.281284,0.572263,-0.320947,1.327525,0.445035,,,,,,,,,,,,,,,,,,,0.613378,1.867949,0.789684,,,,,,,,,,0.471884,1.486425,0.348871,,,,-0.204992,1.425679,0.419625,,,,,,,0.483099,1.278436,0.455950,0.817024,1.863188,1.798828,,,
716,11.933333,-0.180379,1.276804,0.576306,-0.322390,1.322237,0.450085,,,,,,,,,,,,,,,,,,,0.612504,1.867932,0.789857,,,,,,,,,,0.469266,1.485959,0.349816,,,,-0.207537,1.421166,0.425787,,,,,,,0.482253,1.278113,0.456657,0.817020,1.863189,1.798876,,,
717,11.950000,-0.180929,1.271695,0.580441,-0.323821,1.316244,0.455193,,,,,,,,,,,,,,,,,,,0.611601,1.867908,0.790042,,,,,,,,,,0.466479,1.485349,0.350859,,,,-0.210235,1.415999,0.432619,,,,,,,0.481608,1.277705,0.457495,0.817016,1.863189,1.798915,,,
718,11.966667,-0.181435,1.265963,0.584661,-0.325216,1.309531,0.460350,,,,,,,,,,,,,,,,,,,0.610669,1.867868,0.790238,,,,,,,,,,0.463545,1.484576,0.352008,,,,-0.213105,1.410163,0.440338,,,,,,,0.480935,1.277178,0.458466,0.817010,1.863190,1.798949,,,
719,11.983333,-0.181882,1.259607,0.588954,-0.326553,1.302079,0.465547,,,,,,,,,,,,,,,,,,,0.609712,1.867802,0.790446,,,,,,,,,,0.460486,1.483628,0.353268,,,,-0.216185,1.403643,0.449242,,,,,,,0.480144,1.276513,0.459572,0.817005,1.863190,1.798981,,,
720,12.000000,-0.182255,1.252619,0.593306,-0.327808,1.293869,0.470778,,,,,,,,,,,,,,,,,,,0.608733,1.867705,0.790667,,,,,,,,,,0.457320,1.482497,0.354642,,,,-0.219530,1.396429,0.459754,,,,,,,0.479280,1.275708,0.460813,0.816998,1.863191,1.799015,,,
721,12.016667,-0.182534,1.244985,0.597700,-0.328958,1.284889,0.476035,,,,,,,,,,,,,,,,,,,0.607732,1.867574,0.790905,,,,,,,,,,0.454063,1.481182,0.356132,,,,-0.223003,1.388505,0.471153,,,,,,,0.478383,1.274767,0.462186,0.816990,1.863191,1.799054,,,
722,12.033333,-0.182696,1.236689,0.602119,-0.329975,1.275131,0.481312,,,,,,,,,,,,,,,,,,,0.606707,1.867408,0.791161,,,,,,,,,,0.450724,1.479693,0.357739,,,,-0.226259,1.379858,0.481501,,,,,,,0.477484,1.273700,0.463679,0.816982,1.863192,1.799103,,,
723,12.050000,-0.182706,1.227712,0.606546,-0.330829,1.264591,0.486609,,,,,,,,,,,,,,,,,,,0.605654,1.867207,0.791435,,,,,,,,,,0.447314,1.478049,0.359460,,,,-0.229155,1.370481,0.490075,,,,,,,0.476607,1.272520,0.465267,0.816973,1.863193,1.799165,,,
724,12.066667,-0.182526,1.218034,0.610976,-0.331490,1.253268,0.491945,,,,,,,,,,,,,,,,,,,0.604568,1.866976,0.791728,,,,,,,,,,0.443834,1.476279,0.361284,,,,-0.231736,1.360374,0.497298,,,,,,,0.475774,1.271252,0.466914,0.816963,1.863194,1.799249,,,
725,12.083333,-0.182119,1.207647,0.615410,-0.331925,1.241164,0.497348,,,,,,,,,,,,,,,,,,,0.603449,1.866722,0.792039,,,,,,,,,,0.440286,1.474419,0.363193,,,,-0.234035,1.349542,0.503472,,,,,,,0.474995,1.269927,0.468582,0.816952,1.863194,1.799362,,,
726,12.100000,-0.181443,1.196567,0.619850,-0.332100,1.228290,0.502852,,,,,,,,,,,,,,,,,,,0.602292,1.866451,0.792367,,,,,,,,,,0.436676,1.472504,0.365172,,,,-0.236070,1.337998,0.508815,,,,,,,0.474268,1.268578,0.470232,0.816940,1.863195,1.799515,,,
727,12.116667,-0.180453,1.184839,0.624298,-0.331978,1.214672,0.508487,,,,,,,,,,,,,,,,,,,0.601089,1.866163,0.792709,,,,,,,,,,0.433012,1.470557,0.367211,,,,-0.237853,1.325776,0.513481,,,,,,,0.473582,1.267226,0.471831,0.816927,1.863196,1.799726,,,
728,12.133333,-0.179116,1.172542,0.628745,-0.331530,1.200377,0.514277,,,,,,,,,,,,,,,,,,,0.599826,1.865859,0.793065,,,,,,,,,,0.429294,1.468598,0.369308,,,,-0.239395,1.312944,0.517573,,,,,,,0.472916,1.265885,0.473357,0.816914,1.863196,1.800014,,,
729,12.150000,-0.177434,1.159790,0.633184,-0.330755,1.185521,0.520251,,,,,,,,,,,,,,,,,,,0.598498,1.865546,0.793429,,,,,,,,,,0.425550,1.466642,0.371467,,,,-0.240711,1.299601,0.521163,,,,,,,0.472244,1.264568,0.474801,0.816899,1.863197,1.800411,,,
730,12.166667,-0.175454,1.146711,0.637609,-0.329681,1.170268,0.526454,,,,,,,,,,,,,,,,,,,0.597107,1.865238,0.793795,,,,,,,,,,0.421816,1.464704,0.373693,,,,-0.241822,1.285870,0.524287,,,,,,,0.471544,1.263294,0.476163,0.816882,1.863198,1.800957,,,
731,12.183333,-0.173235,1.133427,0.642014,-0.328346,1.154798,0.532958,,,,,,,,,,,,,,,,,,,0.595653,1.864946,0.794154,,,,,,,,,,0.418136,1.462800,0.375996,,,,-0.242753,1.271877,0.526962,,,,,,,0.470789,1.262083,0.477446,0.816865,1.863199,1.801708,,,
732,12.200000,-0.170813,1.120040,0.646394,-0.326775,1.139279,0.539882,,,,,,,,,,,,,,,,,,,0.594131,1.864681,0.794501,,,,,,,,,,0.414581,1.460940,0.378387,,,,-0.243526,1.257751,0.529209,,,,,,,0.469956,1.260950,0.478652,0.816847,1.863199,1.802741,,,
733,12.216667,-0.168192,1.106644,0.650752,-0.325018,1.123675,0.546203,,,,,,,,,,,,,,,,,,,0.592530,1.864457,0.794833,,,,,,,,,,0.411066,1.459131,0.380830,,,,-0.244155,1.243614,0.531029,,,,,,,0.469035,1.259896,0.479778,0.816827,1.863200,1.804163,,,
734,12.233333,-0.165373,1.093329,0.655107,-0.323123,1.107927,0.550851,,,,,,,,,,,,,,,,,,,0.590836,1.864288,0.795150,,,,,,,,,,0.407330,1.457386,0.383223,,,,-0.244656,1.229580,0.532368,,,,,,,0.468026,1.258922,0.480819,0.816806,1.863201,1.806121,,,
735,12.250000,-0.162372,1.080195,0.659488,-0.321060,1.092315,0.554971,,,,,,,,,,,,,,,,,,,0.589034,1.864186,0.795449,,,,,,,,,,0.403280,1.455710,0.385530,,,,-0.245053,1.215743,0.533080,,,,,,,0.466935,1.258030,0.481773,0.816783,1.863202,1.808815,,,
736,12.266667,-0.159217,1.067349,0.663928,-0.318810,1.077097,0.559632,,,,,,,,,,,,,,,,,,,0.587106,1.864148,0.795732,,,,,,,,,,0.398995,1.454102,0.387768,,,,-0.245341,1.202184,0.533649,,,,,,,0.465764,1.257223,0.482640,0.816759,1.863203,1.812213,,,
737,12.283333,-0.155934,1.054891,0.668457,-0.316398,1.062341,0.564736,,,,,,,,,,,,,,,,,,,0.585037,1.864161,0.795998,,,,,,,,,,0.394536,1.452553,0.389935,,,,-0.245473,1.188980,0.535192,,,,,,,0.464507,1.256492,0.483424,0.816733,1.863204,1.816048,,,
738,12.300000,-0.152550,1.042917,0.673092,-0.313852,1.048117,0.570202,,,,,,,,,,,,,,,,,,,0.582822,1.864196,0.796247,,,,,,,,,,0.389962,1.451046,0.392028,,,,-0.245441,1.176204,0.538045,,,,,,,0.463160,1.255815,0.484124,0.816706,1.863204,1.820094,,,
739,12.316667,-0.149108,1.031514,0.677836,-0.311211,1.034506,0.575958,,,,,,,,,,,,,,,,,,,0.580466,1.864225,0.796476,,,,,,,,,,0.385326,1.449561,0.394051,,,,-0.245279,1.163934,0.541860,,,,,,,0.461723,1.255161,0.484749,0.816677,1.863205,1.824151,,,
740,12.333333,-0.145655,1.020723,0.682622,-0.308535,1.021577,0.581927,,,,,,,,,,,,,,,,,,,0.577997,1.864221,0.796674,,,,,,,,,,0.380677,1.448072,0.396020,,,,-0.245031,1.152238,0.546357,,,,,,,0.460197,1.254498,0.485323,0.816646,1.863206,1.828327,,,
741,12.350000,-0.142260,1.010561,0.687368,-0.305904,1.009383,0.588024,,,,,,,,,,,,,,,,,,,0.575452,1.864169,0.796829,,,,,,,,,,0.376062,1.446559,0.397947,,,,-0.244748,1.141174,0.551304,,,,,,,0.458584,1.253801,0.485883,0.816613,1.863207,1.833052,,,
742,12.366667,-0.139049,1.001081,0.692104,-0.303397,0.997965,0.594171,,,,,,,,,,,,,,,,,,,0.572872,1.864062,0.796922,,,,,,,,,,0.371518,1.445004,0.399832,,,,-0.244480,1.130783,0.556521,,,,,,,0.456886,1.253050,0.486462,0.816578,1.863208,1.838193,,,
743,12.383333,-0.136115,0.992302,0.696851,-0.301083,0.987350,0.600301,,,,,,,,,,,,,,,,,,,0.570284,1.863894,0.796933,,,,,,,,,,0.367073,1.443396,0.401669,,,,-0.244269,1.121089,0.561882,,,,,,,0.455105,1.252231,0.487078,0.816540,1.863209,1.843042,,,
744,12.400000,-0.133485,0.984195,0.701574,-0.299005,0.977541,0.606368,,,,,,,,,,,,,,,,,,,0.567707,1.863666,0.796839,,,,,,,,,,0.362740,1.441735,0.403446,,,,-0.244142,1.112097,0.567307,,,,,,,0.453247,1.251335,0.487732,0.816499,1.863210,1.847481,,,
745,12.416667,-0.131163,0.976730,0.706251,-0.297189,0.968518,0.612343,,,,,,,,,,,,,,,,,,,0.565150,1.863382,0.796627,,,,,,,,,,0.358522,1.440029,0.405160,,,,-0.244118,1.103796,0.572737,,,,,,,0.451318,1.250362,0.488413,0.816454,1.863211,1.851658,,,
746,12.433333,-0.129135,0.969839,0.710808,-0.295644,0.960246,0.618198,,,,,,,,,,,,,,,,,,,0.562648,1.863018,0.796383,,,,,,,,,,0.354412,1.438291,0.406812,,,,-0.244214,1.096161,0.578119,,,,,,,0.449319,1.249321,0.489111,0.816404,1.863212,1.855383,,,
747,12.450000,-0.127385,0.963456,0.715172,-0.294373,0.952680,0.623911,,,,,,,,,,,,,,,,,,,0.560238,1.862557,0.796205,,,,,,,,,,0.350400,1.436538,0.408405,,,,-0.244445,1.089152,0.583412,,,,,,,0.447251,1.248228,0.489821,0.816349,1.863213,1.858730,,,
748,12.466667,-0.125920,0.957586,0.719391,-0.293371,0.945775,0.629468,,,,,,,,,,,,,,,,,,,0.557898,1.862046,0.795997,,,,,,,,,,0.346478,1.434793,0.409940,,,,-0.244822,1.082734,0.588585,,,,,,,0.445109,1.247107,0.490544,0.816287,1.863214,1.861736,,,
749,12.483333,-0.124743,0.952232,0.723509,-0.292637,0.939499,0.634862,,,,,,,,,,,,,,,,,,,0.555606,1.861534,0.795664,,,,,,,,,,0.342638,1.433080,0.411413,,,,-0.245351,1.076881,0.593622,,,,,,,0.442890,1.245982,0.491276,0.816215,1.863215,1.864091,,,
750,12.500000,-0.123842,0.947357,0.727511,-0.292172,0.933829,0.640094,,,,,,,,,,,,,,,,,,,0.553368,1.861017,0.795320,,,,,,,,,,0.338867,1.431426,0.412822,,,,-0.246039,1.071577,0.598520,,,,,,,0.440592,1.244876,0.492007,0.816129,1.863216,1.865728,,,
751,12.516667,-0.123198,0.942927,0.731381,-0.291982,0.928756,0.645170,,,,,,,,,,,,,,,,,,,0.551192,1.860489,0.795082,,,,,,,,,,0.335155,1.429854,0.414167,,,,-0.246892,1.066815,0.603286,,,,,,,0.438214,1.243809,0.492721,0.816025,1.863218,1.866816,,,
752,12.533333,-0.123347,0.939966,0.735893,-0.292070,0.924269,0.650102,,,,,,,,,,,,,,,,,,,0.549080,1.859974,0.794860,,,,,,,,,,0.331487,1.428387,0.415452,,,,-0.247916,1.062593,0.607925,,,,,,,0.435755,1.242796,0.493406,0.815900,1.863221,1.867467,,,
753,12.550000,-0.123548,0.937103,0.740490,-0.292439,0.920362,0.654899,,,,,,,,,,,,,,,,,,,0.547031,1.859488,0.794565,,,,,,,,,,0.327854,1.427040,0.416679,,,,-0.249124,1.058911,0.612443,,,,,,,0.433209,1.241850,0.494060,0.815749,1.863225,1.867748,,,
754,12.566667,-0.123839,0.934418,0.745278,-0.293099,0.917032,0.659568,,,,,,,,,,,,,,,,,,,0.545044,1.859033,0.794219,,,,,,,,,,0.324247,1.425823,0.417851,,,,-0.250527,1.055766,0.616836,,,,,,,0.430570,1.240980,0.494683,0.815572,1.863231,1.867687,,,
755,12.583333,-0.124245,0.931970,0.750397,-0.294062,0.914279,0.664120,,,,,,,,,,,,,,,,,,,0.543121,1.858614,0.793842,,,,,,,,,,0.320664,1.424744,0.418972,,,,-0.252137,1.053159,0.621107,,,,,,,0.427836,1.240192,0.495281,0.815367,1.863238,1.867279,,,
756,12.600000,-0.124785,0.929812,0.755679,-0.295336,0.912101,0.668566,,,,,,,,,,,,,,,,,,,0.541263,1.858232,0.793449,,,,,,,,,,0.317103,1.423806,0.420048,,,,-0.253957,1.051086,0.625263,,,,,,,0.425010,1.239491,0.495861,0.815132,1.863248,1.866481,,,
757,12.616667,-0.125474,0.928003,0.760538,-0.296915,0.910485,0.672917,,,,,,,,,,,,,,,,,,,0.539471,1.857892,0.793049,,,,,,,,,,0.313567,1.423012,0.421090,,,,-0.255982,1.049536,0.629318,,,,,,,0.422097,1.238876,0.496425,0.814868,1.863262,1.865211,,,
758,12.633333,-0.126327,0.926606,0.764692,-0.298777,0.909400,0.677184,,,,,,,,,,,,,,,,,,,0.537743,1.857594,0.792650,,,,,,,,,,0.310057,1.422360,0.422104,,,,-0.258196,1.048486,0.633289,,,,,,,0.419108,1.238349,0.496977,0.814574,1.863281,1.863648,,,
759,12.650000,-0.127360,0.925679,0.768396,-0.300893,0.908812,0.681375,,,,,,,,,,,,,,,,,,,0.536081,1.857336,0.792256,,,,,,,,,,0.306577,1.421845,0.423095,,,,-0.260578,1.047905,0.637183,,,,,,,0.416052,1.237905,0.497518,0.814249,1.863307,1.862249,,,
760,12.666667,-0.128580,0.925263,0.772033,-0.303228,0.908682,0.685502,,,,,,,,,,,,,,,,,,,0.534485,1.857120,0.791868,,,,,,,,,,0.303128,1.421458,0.424063,,,,-0.263106,1.047758,0.641006,,,,,,,0.412945,1.237542,0.498049,0.813894,1.863343,1.861179,,,
761,12.683333,-0.129994,0.925390,0.775803,-0.305752,0.908973,0.689574,,,,,,,,,,,,,,,,,,,0.532954,1.856944,0.791486,,,,,,,,,,0.299721,1.421190,0.425007,,,,-0.265754,1.048008,0.644765,,,,,,,0.409802,1.237253,0.498573,0.813509,1.863392,1.860330,,,
762,12.700000,-0.131606,0.926083,0.779579,-0.308435,0.909651,0.693593,,,,,,,,,,,,,,,,,,,0.531493,1.856808,0.791111,,,,,,,,,,0.296366,1.421029,0.425926,,,,-0.268497,1.048617,0.648458,,,,,,,0.406644,1.237032,0.499089,0.813093,1.863461,1.859611,,,
763,12.716667,-0.133417,0.927360,0.783232,-0.311248,0.910682,0.697556,,,,,,,,,,,,,,,,,,,0.530103,1.856711,0.790742,,,,,,,,,,0.293081,1.420961,0.426819,,,,-0.271310,1.049552,0.652079,,,,,,,0.403491,1.236872,0.499600,0.812647,1.863554,1.858951,,,
764,12.733333,-0.135429,0.929233,0.786795,-0.314163,0.912041,0.701454,,,,,,,,,,,,,,,,,,,0.528788,1.856648,0.790379,,,,,,,,,,0.289887,1.420973,0.427685,,,,-0.274170,1.050789,0.655614,,,,,,,0.400367,1.236760,0.500107,0.812170,1.863684,1.858281,,,
765,12.750000,-0.137640,0.931714,0.790117,-0.317155,0.913713,0.705274,,,,,,,,,,,,,,,,,,,0.527552,1.856611,0.790023,,,,,,,,,,0.286803,1.421048,0.428519,,,,-0.277055,1.052313,0.659049,,,,,,,0.397294,1.236683,0.500610,0.811664,1.863861,1.857533,,,
766,12.766667,-0.140048,0.934808,0.793025,-0.320211,0.915697,0.708995,,,,,,,,,,,,,,,,,,,0.526397,1.856589,0.789674,,,,,,,,,,0.283856,1.421169,0.429314,,,,-0.279954,1.054124,0.662365,,,,,,,0.394295,1.236623,0.501108,0.811127,1.864106,1.856628,,,
767,12.783333,-0.142653,0.938522,0.795645,-0.323331,0.918017,0.712594,,,,,,,,,,,,,,,,,,,0.525328,1.856571,0.789331,,,,,,,,,,0.281074,1.421315,0.430063,,,,-0.282863,1.056242,0.665536,,,,,,,0.391391,1.236559,0.501603,0.810561,1.864443,1.855474,,,
768,12.800000,-0.145449,0.942859,0.798247,-0.326538,0.920731,0.716041,,,,,,,,,,,,,,,,,,,0.524352,1.856550,0.788994,,,,,,,,,,0.278493,1.421471,0.430754,,,,-0.285788,1.058716,0.668532,,,,,,,0.388605,1.236466,0.502098,0.809965,1.864906,1.853952,,,
769,12.816667,-0.148433,0.947820,0.800926,-0.329875,0.923929,0.719304,,,,,,,,,,,,,,,,,,,0.523477,1.856515,0.788662,,,,,,,,,,0.276154,1.421617,0.431373,,,,-0.288748,1.061622,0.671315,,,,,,,0.385907,1.236364,0.502706,0.809340,1.865544,1.851906,,,
770,12.833333,-0.151601,0.953405,0.803614,-0.333395,0.927730,0.722347,,,,,,,,,,,,,,,,,,,0.522713,1.856460,0.788328,,,,,,,,,,0.274099,1.421741,0.431906,,,,-0.291769,1.065065,0.673848,,,,,,,0.383254,1.236276,0.503545,0.808686,1.866422,1.849434,,,
771,12.850000,-0.154946,0.959614,0.806416,-0.337149,0.932262,0.725139,,,,,,,,,,,,,,,,,,,0.522068,1.856379,0.787987,,,,,,,,,,0.272368,1.421836,0.432343,,,,-0.294876,1.069167,0.676096,,,,,,,0.380710,1.236147,0.504529,0.808003,1.867630,1.846900,,,
772,12.866667,-0.158463,0.966444,0.809276,-0.341189,0.937668,0.727658,,,,,,,,,,,,,,,,,,,0.521550,1.856266,0.787632,,,,,,,,,,0.270992,1.421896,0.432670,,,,-0.298102,1.074061,0.678033,,,,,,,0.378321,1.235927,0.505574,0.807291,1.869077,1.844352,,,
773,12.883333,-0.162144,0.973891,0.811799,-0.345577,0.944106,0.729888,,,,,,,,,,,,,,,,,,,0.521163,1.856117,0.787253,,,,,,,,,,0.269990,1.421924,0.432871,,,,-0.301489,1.079888,0.679636,,,,,,,0.376063,1.235614,0.506703,0.806551,1.870477,1.841838,,,
774,12.900000,-0.165981,0.981949,0.813901,-0.350380,0.951741,0.731815,,,,,,,,,,,,,,,,,,,0.520905,1.855930,0.786846,,,,,,,,,,0.269368,1.421926,0.432939,,,,-0.305077,1.086797,0.680890,,,,,,,0.373907,1.235212,0.507934,0.805782,1.871757,1.839717,,,
775,12.916667,-0.169964,0.990609,0.815798,-0.355660,0.960734,0.733430,,,,,,,,,,,,,,,,,,,0.520777,1.855710,0.786406,,,,,,,,,,0.269122,1.421923,0.432872,,,,-0.308898,1.094929,0.681785,,,,,,,0.371821,1.234741,0.509275,0.804986,1.873050,1.838080,,,
776,12.933333,-0.174084,0.999863,0.817514,-0.361450,0.971221,0.734730,,,,,,,,,,,,,,,,,,,0.520778,1.855476,0.785931,,,,,,,,,,0.269237,1.421949,0.432671,,,,-0.312947,1.104397,0.682327,,,,,,,0.369783,1.234237,0.510717,0.804161,1.874488,1.836759,,,
777,12.950000,-0.178327,1.009697,0.818880,-0.367725,0.983276,0.735726,,,,,,,,,,,,,,,,,,,0.520908,1.855252,0.785424,,,,,,,,,,0.269687,1.422054,0.432335,,,,-0.317176,1.115265,0.682551,,,,,,,0.367776,1.233753,0.512227,0.803310,1.876003,1.835617,,,
778,12.966667,-0.182682,1.020095,0.819865,-0.374382,0.996888,0.736449,,,,,,,,,,,,,,,,,,,0.521159,1.855063,0.784888,,,,,,,,,,0.270439,1.422287,0.431855,,,,-0.321490,1.127516,0.682527,,,,,,,0.365797,1.233347,0.513748,0.802431,1.877317,1.834538,,,
779,12.983333,-0.187132,1.031039,0.820570,-0.381246,1.011949,0.736940,,,,,,,,,,,,,,,,,,,0.521516,1.854930,0.784332,,,,,,,,,,0.271455,1.422692,0.431220,,,,-0.325765,1.141054,0.682344,,,,,,,0.363848,1.233069,0.515213,0.801525,1.878349,1.833409,,,
780,13.000000,-0.191662,1.042506,0.821068,-0.388111,1.028279,0.737238,,,,,,,,,,,,,,,,,,,0.521959,1.854868,0.783765,,,,,,,,,,0.272698,1.423303,0.430416,,,,-0.329872,1.155720,0.682085,,,,,,,0.361938,1.232960,0.516551,0.800592,1.879204,1.832115,,,
781,13.016667,-0.196251,1.054468,0.821411,-0.394771,1.045647,0.737379,,,,,,,,,,,,,,,,,,,0.522463,1.854882,0.783196,,,,,,,,,,0.274132,1.424139,0.429436,,,,-0.333687,1.171309,0.681829,,,,,,,0.360078,1.233047,0.517698,0.799633,1.879970,1.830523,,,
782,13.033333,-0.200878,1.066891,0.821633,-0.401042,1.063791,0.737394,,,,,,,,,,,,,,,,,,,0.523003,1.854972,0.782631,,,,,,,,,,0.275725,1.425208,0.428269,,,,-0.337103,1.187592,0.681668,,,,,,,0.358289,1.233347,0.518598,0.798648,1.880727,1.828469,,,
783,13.050000,-0.205519,1.079736,0.821757,-0.406774,1.082443,0.737306,,,,,,,,,,,,,,,,,,,0.523566,1.855134,0.782075,,,,,,,,,,0.277452,1.426507,0.426903,,,,-0.340032,1.204333,0.681724,,,,,,,0.356589,1.233863,0.519210,0.797637,1.881553,1.825741,,,
784,13.066667,-0.210146,1.092957,0.821797,-0.411857,1.101341,0.737130,,,,,,,,,,,,,,,,,,,0.524140,1.855359,0.781528,,,,,,,,,,0.279294,1.428023,0.425336,,,,-0.342403,1.221303,0.682162,,,,,,,0.355003,1.234587,0.519506,0.796600,1.882532,1.822058,,,
785,13.083333,-0.214729,1.106497,0.821755,-0.416217,1.120237,0.736874,,,,,,,,,,,,,,,,,,,0.524722,1.855636,0.780989,,,,,,,,,,0.281236,1.429733,0.423578,,,,-0.344167,1.238286,0.683197,,,,,,,0.353551,1.235495,0.519473,0.795538,1.883765,1.817660,,,
786,13.100000,-0.219233,1.120291,0.821629,-0.419817,1.138910,0.736542,,,,,,,,,,,,,,,,,,,0.525311,1.855952,0.780460,,,,,,,,,,0.283267,1.431607,0.421650,,,,-0.345290,1.255090,0.685114,,,,,,,0.352252,1.236555,0.519115,0.794451,1.885162,1.813331,,,
787,13.116667,-0.223619,1.134260,0.821405,-0.422648,1.157173,0.736134,,,,,,,,,,,,,,,,,,,0.525904,1.856293,0.779939,,,,,,,,,,0.285378,1.433606,0.419585,,,,-0.345760,1.271557,0.688280,,,,,,,0.351124,1.237732,0.518449,0.793340,1.886433,1.809554,,,
788,13.133333,-0.227845,1.148315,0.821059,-0.424729,1.174873,0.735652,,,,,,,,,,,,,,,,,,,0.526497,1.856648,0.779430,,,,,,,,,,0.287560,1.435685,0.417417,,,,-0.345627,1.287561,0.692238,,,,,,,0.350181,1.238986,0.517517,0.792203,1.887493,1.806557,,,
789,13.150000,-0.231865,1.162350,0.820557,-0.426100,1.191894,0.735098,,,,,,,,,,,,,,,,,,,0.527087,1.857006,0.778938,,,,,,,,,,0.289804,1.437795,0.415180,,,,-0.345005,1.302992,0.695639,,,,,,,0.349429,1.240279,0.516373,0.791043,1.888451,1.804342,,,
790,13.166667,-0.235628,1.176243,0.819847,-0.426817,1.208152,0.734471,,,,,,,,,,,,,,,,,,,0.527670,1.857358,0.778466,,,,,,,,,,0.292103,1.439885,0.412909,,,,-0.343972,1.317766,0.697946,,,,,,,0.348866,1.241571,0.515080,0.789859,1.889405,1.802680,,,
791,13.183333,-0.239081,1.189856,0.818855,-0.426944,1.223593,0.733760,,,,,,,,,,,,,,,,,,,0.528236,1.857696,0.778019,,,,,,,,,,0.294442,1.441907,0.410636,,,,-0.342570,1.331831,0.699414,,,,,,,0.348478,1.242823,0.513701,0.788651,1.890453,1.801401,,,
792,13.200000,-0.242171,1.203034,0.817652,-0.425863,1.236107,0.732502,,,,,,,,,,,,,,,,,,,0.528781,1.858014,0.777602,,,,,,,,,,0.296800,1.443821,0.408387,,,,-0.340851,1.345153,0.700228,,,,,,,0.348248,1.244003,0.512299,0.787420,1.891704,1.800372,,,
793,13.216667,-0.244845,1.215610,0.816458,-0.424722,1.248430,0.731201,,,,,,,,,,,,,,,,,,,0.529302,1.858305,0.777213,,,,,,,,,,0.299148,1.445590,0.406186,,,,-0.338874,1.357720,0.700517,,,,,,,0.348156,1.245084,0.510929,0.786166,1.893069,1.799489,,,
794,13.233333,-0.247059,1.227408,0.815322,-0.423489,1.260412,0.729777,,,,,,,,,,,,,,,,,,,0.529797,1.858562,0.776849,,,,,,,,,,0.301445,1.447189,0.404050,,,,-0.336699,1.369534,0.700365,,,,,,,0.348179,1.246048,0.509637,0.784890,1.894254,1.798659,,,
795,13.250000,-0.248786,1.238261,0.814128,-0.422158,1.271956,0.728083,,,,,,,,,,,,,,,,,,,0.530267,1.858781,0.776510,,,,,,,,,,0.303637,1.448606,0.401984,,,,-0.334390,1.380602,0.699837,,,,,,,0.348295,1.246887,0.508455,0.783592,1.895166,1.797798,,,
796,13.266667,-0.250025,1.248031,0.812752,-0.420742,1.282998,0.726102,,,,,,,,,,,,,,,,,,,0.530719,1.858962,0.776194,,,,,,,,,,0.305648,1.449837,0.399981,,,,-0.332009,1.390937,0.698986,,,,,,,0.348480,1.247602,0.507401,0.782271,1.895898,1.796817,,,
797,13.283333,-0.250821,1.256652,0.811053,-0.419269,1.293496,0.723972,,,,,,,,,,,,,,,,,,,0.531159,1.859109,0.775904,,,,,,,,,,0.307384,1.450892,0.398020,,,,-0.329617,1.400543,0.697835,,,,,,,0.348716,1.248200,0.506481,0.780929,1.896525,1.795615,,,
798,13.300000,-0.251272,1.264174,0.808855,-0.417773,1.303416,0.721644,,,,,,,,,,,,,,,,,,,0.531595,1.859232,0.775636,,,,,,,,,,0.308920,1.451785,0.396147,,,,-0.327275,1.409418,0.696390,,,,,,,0.348986,1.248698,0.505693,0.779566,1.897112,1.794068,,,
799,13.316667,-0.251503,1.270730,0.805934,-0.416293,1.312726,0.718878,,,,,,,,,,,,,,,,,,,0.532031,1.859341,0.775386,,,,,,,,,,0.310511,1.452540,0.394479,,,,-0.325040,1.417546,0.694674,,,,,,,0.349281,1.249119,0.505025,0.778183,1.897720,1.792017,,,
800,13.333333,-0.251617,1.276434,0.802333,-0.414875,1.321371,0.715559,,,,,,,,,,,,,,,,,,,0.532470,1.859447,0.775153,,,,,,,,,,0.312223,1.453187,0.393046,,,,-0.322963,1.424896,0.692711,,,,,,,0.349593,1.249488,0.504451,0.776778,1.898411,1.789251,,,
801,13.350000,-0.251691,1.281340,0.798368,-0.413567,1.329268,0.711858,,,,,,,,,,,,,,,,,,,0.532914,1.859556,0.774936,,,,,,,,,,0.313953,1.453763,0.391800,,,,-0.321083,1.431425,0.690534,,,,,,,0.349921,1.249830,0.503934,0.775354,1.899256,1.785795,,,
802,13.366667,-0.251783,1.285467,0.794290,-0.412423,1.336294,0.708075,,,,,,,,,,,,,,,,,,,0.533367,1.859678,0.774737,,,,,,,,,,0.315621,1.454303,0.390705,,,,-0.319439,1.437080,0.688187,,,,,,,0.350266,1.250172,0.503431,0.773910,1.900341,1.782220,,,
803,13.383333,-0.251934,1.288815,0.790370,-0.411487,1.342317,0.704332,,,,,,,,,,,,,,,,,,,0.533831,1.859820,0.774556,,,,,,,,,,0.317174,1.454838,0.389726,,,,-0.318060,1.441804,0.685713,,,,,,,0.350634,1.250535,0.502902,0.772446,1.901780,1.779086,,,
804,13.400000,-0.252171,1.291386,0.786719,-0.410791,1.347205,0.700584,,,,,,,,,,,,,,,,,,,0.534300,1.859986,0.774398,,,,,,,,,,0.318562,1.455390,0.388836,,,,-0.316975,1.445530,0.683135,,,,,,,0.351038,1.250934,0.502316,0.770964,1.903502,1.776380,,,
805,13.416667,-0.252507,1.293187,0.783238,-0.410359,1.350829,0.696787,,,,,,,,,,,,,,,,,,,0.534775,1.860177,0.774267,,,,,,,,,,0.319749,1.455971,0.388017,,,,-0.316214,1.448179,0.680462,,,,,,,0.351482,1.251380,0.501655,0.769463,1.905252,1.773823,,,
806,13.433333,-0.252946,1.294245,0.779858,-0.410206,1.353064,0.692891,,,,,,,,,,,,,,,,,,,0.535256,1.860390,0.774168,,,,,,,,,,0.320717,1.456578,0.387264,,,,-0.315807,1.449671,0.677697,,,,,,,0.351971,1.251873,0.500917,0.767944,1.906993,1.771152,,,
807,13.450000,-0.253482,1.294613,0.776531,-0.410337,1.353790,0.688835,,,,,,,,,,,,,,,,,,,0.535740,1.860625,0.774101,,,,,,,,,,0.321461,1.457199,0.386577,,,,-0.315780,1.449936,0.674824,,,,,,,0.352502,1.252409,0.500121,0.766407,1.908688,1.768401,,,
808,13.466667,-0.254102,1.294381,0.773224,-0.410749,1.352899,0.684713,,,,,,,,,,,,,,,,,,,0.536220,1.860880,0.774063,,,,,,,,,,0.321975,1.457806,0.385963,,,,-0.316147,1.448922,0.671816,,,,,,,0.353072,1.252976,0.499293,0.764853,1.910076,1.765906,,,
809,13.483333,-0.254785,1.293687,0.769919,-0.411429,1.350305,0.680784,,,,,,,,,,,,,,,,,,,0.536693,1.861151,0.774054,,,,,,,,,,0.322267,1.458371,0.385427,,,,-0.316903,1.446610,0.668645,,,,,,,0.353680,1.253553,0.498464,0.763282,1.911085,1.763718,,,
810,13.500000,-0.255504,1.292733,0.766610,-0.412351,1.345953,0.677152,,,,,,,,,,,,,,,,,,,0.537156,1.861429,0.774070,,,,,,,,,,0.322353,1.458861,0.384973,,,,-0.318015,1.443020,0.665290,,,,,,,0.354328,1.254109,0.497659,0.761694,1.911818,1.761614,,,
811,13.516667,-0.256707,1.287887,0.763046,-0.413474,1.339840,0.673786,,,,,,,,,,,,,,,,,,,0.537599,1.861703,0.774112,,,,,,,,,,0.322255,1.459244,0.384606,,,,-0.319431,1.438205,0.661735,,,,,,,0.355022,1.254609,0.496898,0.760090,1.912351,1.759376,,,
812,13.533333,-0.258008,1.281987,0.759284,-0.414743,1.332036,0.670510,,,,,,,,,,,,,,,,,,,0.538014,1.861959,0.774175,,,,,,,,,,0.321996,1.459488,0.384337,,,,-0.321090,1.432243,0.657970,,,,,,,0.355770,1.255017,0.496203,0.758471,1.912737,1.757082,,,
813,13.550000,-0.259384,1.275099,0.755315,-0.416082,1.322716,0.666985,,,,,,,,,,,,,,,,,,,0.538395,1.862186,0.774254,,,,,,,,,,0.321611,1.459565,0.384175,,,,-0.322930,1.425229,0.653980,,,,,,,0.356577,1.255304,0.495601,0.756836,1.913019,1.755116,,,
814,13.566667,-0.260811,1.267307,0.751147,-0.417407,1.312173,0.662851,,,,,,,,,,,,,,,,,,,0.538748,1.862380,0.774347,,,,,,,,,,0.321137,1.459456,0.384130,,,,-0.324887,1.417266,0.649748,,,,,,,0.357443,1.255453,0.495117,0.755187,1.913223,1.753584,,,
815,13.583333,-0.262252,1.258710,0.746812,-0.418638,1.300780,0.657850,,,,,,,,,,,,,,,,,,,0.539076,1.862540,0.774449,,,,,,,,,,0.320600,1.459153,0.384202,,,,-0.326901,1.408452,0.645279,,,,,,,0.358367,1.255455,0.494769,0.753524,1.913371,1.752329,,,
816,13.600000,-0.263669,1.249406,0.742357,-0.419731,1.288838,0.652151,,,,,,,,,,,,,,,,,,,0.539387,1.862668,0.774553,,,,,,,,,,0.320014,1.458664,0.384386,,,,-0.328919,1.398879,0.640593,,,,,,,0.359348,1.255318,0.494555,0.751846,1.913479,1.751222,,,
817,13.616667,-0.265028,1.239483,0.737834,-0.420673,1.276482,0.646019,,,,,,,,,,,,,,,,,,,0.539692,1.862766,0.774660,,,,,,,,,,0.319388,1.458009,0.384670,,,,-0.330896,1.388618,0.635711,,,,,,,0.360383,1.255057,0.494465,0.750156,1.913557,1.750147,,,
818,13.633333,-0.266294,1.229017,0.733287,-0.421454,1.263761,0.639675,,,,,,,,,,,,,,,,,,,0.539997,1.862835,0.774771,,,,,,,,,,0.318719,1.457214,0.385050,,,,-0.332797,1.377733,0.630654,,,,,,,0.361462,1.254690,0.494483,0.748452,1.913614,1.748995,,,
819,13.650000,-0.267420,1.218060,0.728737,-0.422058,1.250712,0.633658,,,,,,,,,,,,,,,,,,,0.540298,1.862875,0.774889,,,,,,,,,,0.318007,1.456295,0.385523,,,,-0.334586,1.366281,0.625453,,,,,,,0.362571,1.254227,0.494599,0.746736,1.913655,1.747648,,,
820,13.666667,-0.268341,1.206651,0.724187,-0.422465,1.237368,0.628373,,,,,,,,,,,,,,,,,,,0.540587,1.862885,0.775012,,,,,,,,,,0.317259,1.455264,0.386088,,,,-0.336222,1.354333,0.620144,,,,,,,0.363700,1.253673,0.494806,0.745009,1.913684,1.745966,,,
821,13.683333,-0.269002,1.194844,0.719643,-0.422659,1.223763,0.623785,,,,,,,,,,,,,,,,,,,0.540858,1.862866,0.775143,,,,,,,,,,0.316493,1.454128,0.386743,,,,-0.337664,1.341966,0.614769,,,,,,,0.364845,1.253032,0.495095,0.743270,1.913706,1.743777,,,
822,13.700000,-0.269379,1.182718,0.715139,-0.422625,1.209936,0.619593,,,,,,,,,,,,,,,,,,,0.541114,1.862822,0.775279,,,,,,,,,,0.315740,1.452897,0.387485,,,,-0.338884,1.329260,0.609362,,,,,,,0.366004,1.252314,0.495462,0.741520,1.913721,1.741164,,,
823,13.716667,-0.269469,1.170371,0.710728,-0.422356,1.195929,0.615431,,,,,,,,,,,,,,,,,,,0.541364,1.862759,0.775420,,,,,,,,,,0.315037,1.451586,0.388312,,,,-0.339865,1.316288,0.603952,,,,,,,0.367178,1.251536,0.495904,0.739760,1.913732,1.738477,,,
824,13.733333,-0.269273,1.157891,0.706465,-0.421847,1.181784,0.611135,,,,,,,,,,,,,,,,,,,0.541614,1.862679,0.775563,,,,,,,,,,0.314432,1.450214,0.389233,,,,-0.340591,1.303118,0.598582,,,,,,,0.368367,1.250715,0.496410,0.737990,1.913739,1.735748,,,
825,13.750000,-0.268762,1.145333,0.702388,-0.421105,1.167542,0.606742,,,,,,,,,,,,,,,,,,,0.541867,1.862582,0.775708,,,,,,,,,,0.313980,1.448791,0.390265,,,,-0.341039,1.289820,0.593319,,,,,,,0.369573,1.249854,0.496960,0.736211,1.913743,1.732697,,,
826,13.766667,-0.267890,1.132732,0.698514,-0.420141,1.153241,0.602331,,,,,,,,,,,,,,,,,,,0.542116,1.862466,0.775854,,,,,,,,,,0.313754,1.447321,0.391435,,,,-0.341183,1.276470,0.588238,,,,,,,0.370805,1.248946,0.497534,0.734423,1.913746,1.729318,,,
827,13.783333,-0.266624,1.120131,0.694858,-0.418983,1.138911,0.597950,,,,,,,,,,,,,,,,,,,0.542356,1.862330,0.776000,,,,,,,,,,0.313860,1.445801,0.392780,,,,-0.341004,1.263150,0.583399,,,,,,,0.372079,1.247985,0.498124,0.732627,1.913746,1.725883,,,
828,13.800000,-0.264967,1.107598,0.691449,-0.417674,1.124577,0.593619,,,,,,,,,,,,,,,,,,,0.542585,1.862173,0.776144,,,,,,,,,,0.314204,1.444227,0.394250,,,,-0.340498,1.249932,0.578829,,,,,,,0.373409,1.246972,0.498732,0.730824,1.913744,1.722657,,,
829,13.816667,-0.262954,1.095222,0.688325,-0.416282,1.110247,0.589324,,,,,,,,,,,,,,,,,,,0.542809,1.861998,0.776282,,,,,,,,,,0.314468,1.442600,0.395696,,,,-0.339679,1.236874,0.574527,,,,,,,0.374798,1.245917,0.499374,0.729014,1.913740,1.719925,,,
830,13.833333,-0.260617,1.083080,0.685525,-0.413670,1.096270,0.585862,,,,,,,,,,,,,,,,,,,0.543031,1.861807,0.776411,,,,,,,,,,0.314542,1.440921,0.397050,,,,-0.338558,1.224024,0.570485,,,,,,,0.376248,1.244828,0.500056,0.727197,1.913733,1.717715,,,
831,13.850000,-0.257963,1.071216,0.683071,-0.410753,1.082599,0.582811,,,,,,,,,,,,,,,,,,,0.543251,1.861600,0.776531,,,,,,,,,,0.314511,1.439196,0.398337,,,,-0.337148,1.211420,0.566701,,,,,,,0.377764,1.243708,0.500769,0.725375,1.913723,1.715801,,,
832,13.866667,-0.254977,1.059650,0.680965,-0.407533,1.069259,0.580190,,,,,,,,,,,,,,,,,,,0.543468,1.861378,0.776644,,,,,,,,,,0.314437,1.437430,0.399579,,,,-0.335458,1.199100,0.563176,,,,,,,0.379352,1.242553,0.501496,0.723548,1.913709,1.713984,,,
833,13.883333,-0.251662,1.048396,0.679202,-0.404016,1.056273,0.578006,,,,,,,,,,,,,,,,,,,0.543681,1.861142,0.776752,,,,,,,,,,0.314360,1.435629,0.400797,,,,-0.333508,1.187094,0.559890,,,,,,,0.381020,1.241363,0.502230,0.721716,1.913688,1.712080,,,
834,13.900000,-0.248041,1.037480,0.677778,-0.400231,1.043669,0.576242,,,,,,,,,,,,,,,,,,,0.543891,1.860895,0.776856,,,,,,,,,,0.314317,1.433793,0.401999,,,,-0.331327,1.175430,0.556782,,,,,,,0.382773,1.240143,0.502977,0.719880,1.913660,1.709890,,,
835,13.916667,-0.244155,1.026939,0.676694,-0.396214,1.031484,0.574881,,,,,,,,,,,,,,,,,,,0.544107,1.860637,0.776957,,,,,,,,,,0.314335,1.431919,0.403184,,,,-0.328953,1.164137,0.553757,,,,,,,0.384608,1.238896,0.503749,0.718041,1.913621,1.707499,,,
836,13.933333,-0.240048,1.016805,0.675944,-0.392009,1.019750,0.573909,,,,,,,,,,,,,,,,,,,0.544331,1.860370,0.777057,,,,,,,,,,0.314438,1.430006,0.404356,,,,-0.326429,1.153238,0.550681,,,,,,,0.386523,1.237623,0.504558,0.716200,1.913567,1.705279,,,
837,13.950000,-0.235765,1.007096,0.675522,-0.387661,1.008496,0.573317,,,,,,,,,,,,,,,,,,,0.544565,1.860097,0.777157,,,,,,,,,,0.314642,1.428059,0.405522,,,,-0.323806,1.142748,0.547371,,,,,,,0.388515,1.236324,0.505404,0.714357,1.913493,1.703311,,,
838,13.966667,-0.231349,0.997815,0.675417,-0.383207,0.997730,0.573096,,,,,,,,,,,,,,,,,,,0.544818,1.859822,0.777259,,,,,,,,,,0.314948,1.426085,0.406695,,,,-0.321077,1.132675,0.544106,,,,,,,0.390583,1.235006,0.506286,0.712512,1.913390,1.701393,,,
839,13.983333,-0.226828,0.988950,0.675616,-0.378673,0.987441,0.573231,,,,,,,,,,,,,,,,,,,0.545096,1.859546,0.777365,,,,,,,,,,0.315356,1.424093,0.407877,,,,-0.318171,1.123016,0.541638,,,,,,,0.392719,1.233678,0.507204,0.710667,1.913249,1.699327,,,
840,14.000000,-0.222217,0.980486,0.676103,-0.374072,0.977604,0.573702,,,,,,,,,,,,,,,,,,,0.545402,1.859271,0.777475,,,,,,,,,,0.315862,1.422086,0.409066,,,,-0.315070,1.113757,0.540205,,,,,,,0.394916,1.232344,0.508158,0.708823,1.913055,1.696901,,,
841,14.016667,-0.217519,0.972415,0.676867,-0.369405,0.968195,0.574484,,,,,,,,,,,,,,,,,,,0.545733,1.858995,0.777591,,,,,,,,,,0.316467,1.420067,0.410253,,,,-0.311808,1.104879,0.539583,,,,,,,0.397169,1.231007,0.509151,0.706979,1.912788,1.694173,,,
842,14.033333,-0.212733,0.964736,0.677901,-0.364674,0.959196,0.575565,,,,,,,,,,,,,,,,,,,0.546088,1.858717,0.777712,,,,,,,,,,0.317172,1.418036,0.411431,,,,-0.308409,1.096373,0.539612,,,,,,,0.399475,1.229668,0.510179,0.705137,1.912420,1.691482,,,
843,14.050000,-0.207867,0.957450,0.679198,-0.359886,0.950604,0.576940,,,,,,,,,,,,,,,,,,,0.546464,1.858437,0.777839,,,,,,,,,,0.317980,1.415999,0.412602,,,,-0.304896,1.088235,0.540175,,,,,,,0.401835,1.228330,0.511233,0.703298,1.911913,1.688859,,,
844,14.066667,-0.202945,0.950561,0.680750,-0.355061,0.942424,0.578605,,,,,,,,,,,,,,,,,,,0.546866,1.858157,0.777972,,,,,,,,,,0.318887,1.413966,0.413765,,,,-0.301294,1.080467,0.541182,,,,,,,0.404246,1.226999,0.512307,0.701462,1.911216,1.686345,,,
845,14.083333,-0.198003,0.944078,0.682547,-0.350229,0.934667,0.580548,,,,,,,,,,,,,,,,,,,0.547299,1.857877,0.778113,,,,,,,,,,0.319888,1.411943,0.414917,,,,-0.297631,1.073079,0.542559,,,,,,,0.406697,1.225679,0.513397,0.699630,1.910257,1.684298,,,
846,14.100000,-0.193081,0.938022,0.684572,-0.345426,0.927354,0.582741,,,,,,,,,,,,,,,,,,,0.547765,1.857596,0.778261,,,,,,,,,,0.320981,1.409934,0.416056,,,,-0.293940,1.066087,0.544238,,,,,,,0.409178,1.224370,0.514507,0.697802,1.908936,1.682818,,,
847,14.116667,-0.188231,0.932416,0.686800,-0.340695,0.920519,0.585147,,,,,,,,,,,,,,,,,,,0.548261,1.857312,0.778413,,,,,,,,,,0.322163,1.407943,0.417176,,,,-0.290257,1.059523,0.546155,,,,,,,0.411676,1.223074,0.515638,0.695981,1.907335,1.681751,,,
848,14.133333,-0.183505,0.927280,0.689198,-0.336090,0.914203,0.587720,,,,,,,,,,,,,,,,,,,0.548790,1.857025,0.778567,,,,,,,,,,0.323433,1.405982,0.418278,,,,-0.286616,1.053426,0.548258,,,,,,,0.414176,1.221795,0.516788,0.694165,1.905722,1.680989,,,
849,14.150000,-0.178955,0.922633,0.691718,-0.331665,0.908455,0.590409,,,,,,,,,,,,,,,,,,,0.549356,1.856731,0.778726,,,,,,,,,,0.324784,1.404064,0.419355,,,,-0.283056,1.047838,0.550500,,,,,,,0.416664,1.220537,0.517949,0.692357,1.904149,1.680452,,,
850,14.166667,-0.174635,0.918494,0.694315,-0.327482,0.903324,0.593164,,,,,,,,,,,,,,,,,,,0.549964,1.856433,0.778886,,,,,,,,,,0.326209,1.402205,0.420400,,,,-0.279617,1.042807,0.552835,,,,,,,0.419122,1.219309,0.519115,0.690557,1.902453,1.680085,,,
851,14.183333,-0.170614,0.914895,0.696947,-0.323615,0.898871,0.595929,,,,,,,,,,,,,,,,,,,0.550617,1.856133,0.779044,,,,,,,,,,0.327701,1.400419,0.421403,,,,-0.276343,1.038379,0.555207,,,,,,,0.421527,1.218120,0.520281,0.688767,1.900460,1.679851,,,
852,14.200000,-0.166971,0.911869,0.699568,-0.320140,0.895153,0.598642,,,,,,,,,,,,,,,,,,,0.551314,1.855836,0.779196,,,,,,,,,,0.329252,1.398724,0.422351,,,,-0.273281,1.034602,0.557554,,,,,,,0.423859,1.216980,0.521438,0.686986,1.898182,1.679726,,,
853,14.216667,-0.163767,0.909437,0.702127,-0.317118,0.892218,0.601239,,,,,,,,,,,,,,,,,,,0.552058,1.855547,0.779340,,,,,,,,,,0.330848,1.397141,0.423232,,,,-0.270474,1.031515,0.559812,,,,,,,0.426095,1.215903,0.522575,0.685216,1.895817,1.679696,,,
854,14.233333,-0.161038,0.907606,0.704561,-0.314590,0.890090,0.603651,,,,,,,,,,,,,,,,,,,0.552850,1.855273,0.779479,,,,,,,,,,0.332470,1.395695,0.424036,,,,-0.267953,1.029143,0.561931,,,,,,,0.428211,1.214905,0.523677,0.683457,1.893556,1.679758,,,
855,14.250000,-0.158808,0.906368,0.706805,-0.312592,0.888790,0.605806,,,,,,,,,,,,,,,,,,,0.553688,1.855018,0.779611,,,,,,,,,,0.334102,1.394411,0.424751,,,,-0.265746,1.027504,0.563867,,,,,,,0.430188,1.214004,0.524723,0.681712,1.891600,1.679920,,,
856,14.266667,-0.157095,0.905708,0.708802,-0.311155,0.888330,0.607643,,,,,,,,,,,,,,,,,,,0.554572,1.854788,0.779737,,,,,,,,,,0.335722,1.393312,0.425368,,,,-0.263873,1.026608,0.565581,,,,,,,0.432007,1.213219,0.525693,0.679980,1.889965,1.680197,,,
857,14.283333,-0.155916,0.905618,0.710506,-0.310279,0.888699,0.609133,,,,,,,,,,,,,,,,,,,0.555498,1.854591,0.779857,,,,,,,,,,0.337315,1.392422,0.425873,,,,-0.262349,1.026456,0.567034,,,,,,,0.433656,1.212565,0.526564,0.678262,1.888481,1.680618,,,
858,14.300000,-0.155265,0.906095,0.711889,-0.309934,0.889859,0.610266,,,,,,,,,,,,,,,,,,,0.556463,1.854434,0.779975,,,,,,,,,,0.338868,1.391752,0.426263,,,,-0.261182,1.027037,0.568187,,,,,,,0.435121,1.212054,0.527325,0.676561,1.886997,1.681226,,,
859,14.316667,-0.155127,0.907147,0.712944,-0.310078,0.891757,0.611028,,,,,,,,,,,,,,,,,,,0.557463,1.854324,0.780094,,,,,,,,,,0.340374,1.391313,0.426537,,,,-0.260368,1.028319,0.569001,,,,,,,0.436397,1.211693,0.527969,0.674876,1.885359,1.682085,,,
860,14.333333,-0.155480,0.908778,0.713668,-0.310659,0.894326,0.611394,,,,,,,,,,,,,,,,,,,0.558493,1.854264,0.780215,,,,,,,,,,0.341826,1.391104,0.426695,,,,-0.259895,1.030257,0.569434,,,,,,,0.437479,1.211485,0.528494,0.673209,1.883398,1.683282,,,
861,14.350000,-0.156300,0.910971,0.714057,-0.311620,0.897486,0.611339,,,,,,,,,,,,,,,,,,,0.559547,1.854256,0.780338,,,,,,,,,,0.343223,1.391123,0.426735,,,,-0.259745,1.032796,0.569455,,,,,,,0.438367,1.211430,0.528900,0.671560,1.880914,1.684940,,,
862,14.366667,-0.157553,0.913674,0.714088,-0.312913,0.901160,0.610839,,,,,,,,,,,,,,,,,,,0.560616,1.854300,0.780466,,,,,,,,,,0.344565,1.391363,0.426656,,,,-0.259893,1.035869,0.569039,,,,,,,0.439064,1.211527,0.529189,0.669932,1.877651,1.687231,,,
863,14.383333,-0.159198,0.916812,0.713729,-0.314493,0.905273,0.609867,,,,,,,,,,,,,,,,,,,0.561691,1.854394,0.780599,,,,,,,,,,0.345853,1.391815,0.426462,,,,-0.260306,1.039409,0.568170,,,,,,,0.439582,1.211772,0.529364,0.668324,1.873922,1.690080,,,
864,14.400000,-0.161193,0.920300,0.712951,-0.316321,0.909752,0.608399,,,,,,,,,,,,,,,,,,,0.562765,1.854537,0.780739,,,,,,,,,,0.347088,1.392465,0.426158,,,,-0.260950,1.043342,0.566839,,,,,,,0.439936,1.212157,0.529421,0.666739,1.870646,1.693164,,,
865,14.416667,-0.163492,0.924056,0.711727,-0.318356,0.914523,0.606417,,,,,,,,,,,,,,,,,,,0.563833,1.854724,0.780888,,,,,,,,,,0.348273,1.393300,0.425750,,,,-0.261785,1.047596,0.565042,,,,,,,0.440147,1.212674,0.529359,0.665177,1.868134,1.696488,,,
866,14.433333,-0.166045,0.928004,0.710032,-0.320553,0.919512,0.603915,,,,,,,,,,,,,,,,,,,0.564889,1.854951,0.781046,,,,,,,,,,0.349413,1.394301,0.425241,,,,-0.262774,1.052093,0.562773,,,,,,,0.440233,1.213313,0.529178,0.663639,1.866129,1.700398,,,
867,14.450000,-0.168801,0.932080,0.707852,-0.322865,0.924645,0.600883,,,,,,,,,,,,,,,,,,,0.565927,1.855214,0.781213,,,,,,,,,,0.350515,1.395449,0.424631,,,,-0.263877,1.056761,0.560026,,,,,,,0.440213,1.214061,0.528882,0.662127,1.864425,1.704984,,,
868,14.466667,-0.171718,0.936228,0.705180,-0.325253,0.929856,0.597304,,,,,,,,,,,,,,,,,,,0.566944,1.855507,0.781386,,,,,,,,,,0.351590,1.396724,0.423924,,,,-0.265058,1.061531,0.556796,,,,,,,0.440105,1.214906,0.528476,0.660642,1.862846,1.710101,,,
869,14.483333,-0.174760,0.940392,0.702013,-0.327680,0.935090,0.593173,,,,,,,,,,,,,,,,,,,0.567939,1.855826,0.781565,,,,,,,,,,0.352651,1.398108,0.423125,,,,-0.266283,1.066346,0.553082,,,,,,,0.439929,1.215837,0.527967,0.659186,1.861229,1.715658,,,
870,14.500000,-0.177888,0.944528,0.698352,-0.330114,0.940302,0.588503,,,,,,,,,,,,,,,,,,,0.568917,1.856170,0.781749,,,,,,,,,,0.353711,1.399582,0.422237,,,,-0.267523,1.071159,0.548893,,,,,,,0.439706,1.216842,0.527363,0.657758,1.859624,1.721607,,,
871,14.516667,-0.181057,0.948593,0.694206,-0.332520,0.945455,0.583316,,,,,,,,,,,,,,,,,,,0.569876,1.856531,0.781936,,,,,,,,,,0.354786,1.401124,0.421262,,,,-0.268746,1.075934,0.544251,,,,,,,0.439456,1.217906,0.526672,0.656362,1.858301,1.728251,,,
872,14.533333,-0.184218,0.952550,0.689597,-0.334855,0.950513,0.577646,,,,,,,,,,,,,,,,,,,0.570806,1.856898,0.782127,,,,,,,,,,0.355889,1.402712,0.420201,,,,-0.269922,1.080636,0.539190,,,,,,,0.439199,1.219012,0.525899,0.654998,1.857340,1.735966,,,
873,14.550000,-0.187314,0.956377,0.684565,-0.337075,0.955440,0.571542,,,,,,,,,,,,,,,,,,,0.571689,1.857262,0.782321,,,,,,,,,,0.357033,1.404322,0.419052,,,,-0.271018,1.085235,0.533753,,,,,,,0.438958,1.220142,0.525050,0.653667,1.856641,1.744928,,,
874,14.566667,-0.190284,0.960061,0.679167,-0.339127,0.960203,0.565067,,,,,,,,,,,,,,,,,,,0.572512,1.857619,0.782515,,,,,,,,,,0.358233,1.405933,0.417819,,,,-0.272000,1.089701,0.527993,,,,,,,0.438754,1.221275,0.524128,0.652371,1.856134,1.755748,,,
875,14.583333,-0.193071,0.963603,0.673474,-0.340966,0.964771,0.558296,,,,,,,,,,,,,,,,,,,0.573267,1.857969,0.782707,,,,,,,,,,0.359502,1.407526,0.416511,,,,-0.272839,1.094007,0.521968,,,,,,,0.438611,1.222398,0.523144,0.651112,1.855765,1.767894,,,
876,14.600000,-0.195637,0.966999,0.667560,-0.342559,0.969113,0.551301,,,,,,,,,,,,,,,,,,,0.573958,1.858315,0.782893,,,,,,,,,,0.360847,1.409085,0.415141,,,,-0.273510,1.098125,0.515732,,,,,,,0.438546,1.223501,0.522109,0.649891,1.855497,1.779178,,,
877,14.616667,-0.197968,0.970238,0.661491,-0.343895,0.973207,0.544149,,,,,,,,,,,,,,,,,,,0.574596,1.858659,0.783071,,,,,,,,,,0.362270,1.410597,0.413728,,,,-0.273997,1.102028,0.509339,,,,,,,0.438572,1.224574,0.521040,0.648709,1.855303,1.788693,,,
878,14.633333,-0.200062,0.973290,0.655324,-0.344971,0.977029,0.536897,,,,,,,,,,,,,,,,,,,0.575194,1.859001,0.783237,,,,,,,,,,0.363766,1.412047,0.412290,,,,-0.274293,1.105683,0.502841,,,,,,,0.438697,1.225609,0.519953,0.647567,1.855161,1.796867,,,
879,14.650000,-0.201917,0.976112,0.649109,-0.345785,0.980544,0.529603,,,,,,,,,,,,,,,,,,,0.575760,1.859341,0.783387,,,,,,,,,,0.365330,1.413420,0.410844,,,,-0.274391,1.109056,0.496295,,,,,,,0.438929,1.226597,0.518869,0.646469,1.855058,1.804010,,,
880,14.666667,-0.203526,0.978659,0.642892,-0.346333,0.983713,0.522323,,,,,,,,,,,,,,,,,,,0.576308,1.859678,0.783518,,,,,,,,,,0.366952,1.414699,0.409413,,,,-0.274287,1.112111,0.489760,,,,,,,0.439274,1.227524,0.517808,0.645414,1.854984,1.810345,,,
881,14.683333,-0.204885,0.980884,0.636721,-0.346608,0.986493,0.515119,,,,,,,,,,,,,,,,,,,0.576846,1.860012,0.783627,,,,,,,,,,0.368621,1.415863,0.408017,,,,-0.273980,1.114810,0.483299,,,,,,,0.439734,1.228376,0.516793,0.644406,1.854930,1.816031,,,
882,14.700000,-0.205994,0.982748,0.630653,-0.346613,0.988841,0.508063,,,,,,,,,,,,,,,,,,,0.577383,1.860343,0.783713,,,,,,,,,,0.370325,1.416895,0.406677,,,,-0.273475,1.117115,0.476971,,,,,,,0.440306,1.229141,0.515849,0.643444,1.854890,1.821183,,,
883,14.716667,-0.206863,0.984219,0.624751,-0.346356,0.990721,0.501231,,,,,,,,,,,,,,,,,,,0.577928,1.860667,0.783773,,,,,,,,,,0.372050,1.417775,0.405418,,,,-0.272781,1.118992,0.470839,,,,,,,0.440982,1.229806,0.515011,0.642532,1.854862,1.825881,,,
884,14.733333,-0.207502,0.985268,0.619088,-0.345847,0.992092,0.494706,,,,,,,,,,,,,,,,,,,0.578490,1.860985,0.783807,,,,,,,,,,0.373778,1.418483,0.404270,,,,-0.271915,1.120399,0.464969,,,,,,,0.441753,1.230358,0.514321,0.641671,1.854841,1.830180,,,
885,14.750000,-0.207909,0.985867,0.613752,-0.345100,0.992909,0.488577,,,,,,,,,,,,,,,,,,,0.579081,1.861293,0.783815,,,,,,,,,,0.375487,1.418999,0.403272,,,,-0.270893,1.121293,0.459432,,,,,,,0.442601,1.230785,0.513820,0.640863,1.854826,1.834120,,,
886,14.766667,-0.208065,0.985987,0.608837,-0.344123,0.993128,0.482941,,,,,,,,,,,,,,,,,,,0.579705,1.861579,0.783803,,,,,,,,,,0.377150,1.419305,0.402462,,,,-0.269738,1.121631,0.454315,,,,,,,0.443509,1.231070,0.513541,0.640109,1.854815,1.837727,,,
887,14.783333,-0.207943,0.985604,0.604448,-0.342930,0.992710,0.477904,,,,,,,,,,,,,,,,,,,0.580358,1.861827,0.783783,,,,,,,,,,0.378732,1.419390,0.401868,,,,-0.268473,1.121381,0.449717,,,,,,,0.444455,1.231202,0.513499,0.639412,1.854807,1.841015,,,
888,14.800000,-0.207520,0.984707,0.600679,-0.341534,0.991644,0.473572,,,,,,,,,,,,,,,,,,,0.581023,1.862012,0.783781,,,,,,,,,,0.380197,1.419257,0.401508,,,,-0.267122,1.120530,0.445737,,,,,,,0.445423,1.231171,0.513680,0.638773,1.854801,1.843994,,,
889,14.816667,-0.206791,0.983308,0.597604,-0.339954,0.989946,0.470030,,,,,,,,,,,,,,,,,,,0.581682,1.862117,0.783816,,,,,,,,,,0.381515,1.418913,0.401393,,,,-0.265709,1.119097,0.442461,,,,,,,0.446407,1.230973,0.514060,0.638195,1.854797,1.846669,,,
890,14.833333,-0.205762,0.981440,0.595271,-0.338205,0.987663,0.467342,,,,,,,,,,,,,,,,,,,0.582320,1.862136,0.783902,,,,,,,,,,0.382674,1.418374,0.401523,,,,-0.264251,1.117127,0.439955,,,,,,,0.447410,1.230614,0.514618,0.637680,1.854793,1.849039,,,
891,14.850000,-0.204442,0.979162,0.593705,-0.336300,0.984869,0.465544,,,,,,,,,,,,,,,,,,,0.582932,1.862078,0.784047,,,,,,,,,,0.383685,1.417657,0.401888,,,,-0.262754,1.114689,0.438257,,,,,,,0.448439,1.230108,0.515339,0.637229,1.854791,1.851102,,,
892,14.866667,-0.202845,0.976546,0.592915,-0.334252,0.981653,0.464650,,,,,,,,,,,,,,,,,,,0.583518,1.861956,0.784255,,,,,,,,,,0.384571,1.416784,0.402468,,,,-0.261221,1.111866,0.437377,,,,,,,0.449503,1.229478,0.516216,0.636845,1.854789,1.852853,,,
893,14.883333,-0.200998,0.973684,0.592889,-0.332080,0.978119,0.464652,,,,,,,,,,,,,,,,,,,0.584081,1.861784,0.784530,,,,,,,,,,0.385363,1.415779,0.403242,,,,-0.259654,1.108749,0.437302,,,,,,,0.450613,1.228746,0.517240,0.636530,1.854788,1.854286,,,
894,14.900000,-0.198932,0.970671,0.593599,-0.329805,0.974372,0.465520,,,,,,,,,,,,,,,,,,,0.584633,1.861574,0.784875,,,,,,,,,,0.386090,1.414668,0.404193,,,,-0.258056,1.105433,0.437999,,,,,,,0.451774,1.227935,0.518400,0.636286,1.854787,1.855393,,,
895,14.916667,-0.196684,0.967602,0.595003,-0.327449,0.970516,0.467206,,,,,,,,,,,,,,,,,,,0.585187,1.861340,0.785295,,,,,,,,,,0.386775,1.413484,0.405309,,,,-0.256434,1.102017,0.439415,,,,,,,0.452990,1.227069,0.519683,0.636117,1.854786,1.856166,,,
896,14.933333,-0.194295,0.964566,0.597041,-0.325042,0.966656,0.469642,,,,,,,,,,,,,,,,,,,0.585760,1.861093,0.785791,,,,,,,,,,0.387440,1.412260,0.406569,,,,-0.254796,1.098598,0.441483,,,,,,,0.454261,1.226175,0.521074,0.636023,1.854785,1.856595,,,
897,14.950000,-0.191810,0.961641,0.599637,-0.322618,0.962898,0.472737,,,,,,,,,,,,,,,,,,,0.586365,1.860845,0.786362,,,,,,,,,,0.388105,1.411027,0.407955,,,,-0.253152,1.095269,0.444128,,,,,,,0.455587,1.225275,0.522552,0.636007,1.854784,1.856671,,,
898,14.966667,-0.189280,0.958901,0.602705,-0.320212,0.959340,0.476388,,,,,,,,,,,,,,,,,,,0.587011,1.860600,0.787007,,,,,,,,,,0.388785,1.409815,0.409442,,,,-0.251513,1.092118,0.447260,,,,,,,0.456965,1.224392,0.524097,0.636073,1.854783,1.856383,,,
899,14.983333,-0.186765,0.956416,0.606150,-0.317861,0.956070,0.480478,,,,,,,,,,,,,,,,,,,0.587706,1.860363,0.787727,,,,,,,,,,0.389497,1.408649,0.411007,,,,-0.249892,1.089223,0.450777,,,,,,,0.458386,1.223545,0.525690,0.636223,1.854782,1.855719,,,
900,15.000000,-0.184321,0.954245,0.609866,-0.315597,0.953164,0.484878,,,,,,,,,,,,,,,,,,,0.588460,1.860142,0.788522,,,,,,,,,,0.390253,1.407551,0.412632,,,,-0.248299,1.086650,0.454565,,,,,,,0.459843,1.222750,0.527321,0.636459,1.854780,1.854668,,,
901,15.016667,-0.181997,0.952435,0.613740,-0.313446,0.950680,0.489454,,,,,,,,,,,,,,,,,,,0.589288,1.859941,0.789392,,,,,,,,,,0.391074,1.406537,0.414301,,,,-0.246746,1.084451,0.458505,,,,,,,0.461325,1.222018,0.528981,0.636784,1.854777,1.853219,,,
902,15.033333,-0.179832,0.951015,0.617659,-0.311424,0.948656,0.494072,,,,,,,,,,,,,,,,,,,0.590198,1.859760,0.790335,,,,,,,,,,0.391976,1.405620,0.415995,,,,-0.245237,1.082664,0.462479,,,,,,,0.462827,1.221360,0.530663,0.637201,1.854774,1.851359,,,
903,15.050000,-0.177852,0.949995,0.621514,-0.309541,0.947114,0.498605,,,,,,,,,,,,,,,,,,,0.591202,1.859601,0.791347,,,,,,,,,,0.392974,1.404814,0.417695,,,,-0.243774,1.081309,0.466380,,,,,,,0.464342,1.220781,0.532357,0.637713,1.854769,1.849074,,,
904,15.066667,-0.176066,0.949368,0.625201,-0.307797,0.946062,0.502939,,,,,,,,,,,,,,,,,,,0.592310,1.859465,0.792425,,,,,,,,,,0.394081,1.404126,0.419385,,,,-0.242355,1.080397,0.470114,,,,,,,0.465870,1.220286,0.534044,0.638323,1.854763,1.846352,,,
905,15.083333,-0.174467,0.949113,0.628633,-0.306184,0.945491,0.506979,,,,,,,,,,,,,,,,,,,0.593531,1.859351,0.793559,,,,,,,,,,0.395311,1.403565,0.421044,,,,-0.240968,1.079923,0.473605,,,,,,,0.467417,1.219878,0.535709,0.639033,1.854755,1.843179,,,
906,15.100000,-0.173040,0.949204,0.631736,-0.304685,0.945385,0.510648,,,,,,,,,,,,,,,,,,,0.594869,1.859259,0.794737,,,,,,,,,,0.396677,1.403133,0.422654,,,,-0.239597,1.079872,0.476785,,,,,,,0.468996,1.219559,0.537327,0.639848,1.854743,1.839541,,,
907,15.116667,-0.171756,0.949611,0.634454,-0.303275,0.945713,0.513883,,,,,,,,,,,,,,,,,,,0.596330,1.859189,0.795938,,,,,,,,,,0.398193,1.402833,0.424190,,,,-0.238218,1.080216,0.479599,,,,,,,0.470622,1.219330,0.538874,0.640770,1.854728,1.835424,,,
908,15.133333,-0.170574,0.950301,0.636750,-0.301920,0.946434,0.516640,,,,,,,,,,,,,,,,,,,0.597923,1.859142,0.797136,,,,,,,,,,0.399871,1.402661,0.425622,,,,-0.236804,1.080914,0.482005,,,,,,,0.472313,1.219192,0.540321,0.641802,1.854706,1.830812,,,
909,15.150000,-0.169437,0.951244,0.638604,-0.300576,0.947500,0.518889,,,,,,,,,,,,,,,,,,,0.599661,1.859117,0.798292,,,,,,,,,,0.401729,1.402611,0.426915,,,,-0.235322,1.081922,0.483970,,,,,,,0.474088,1.219142,0.541635,0.642949,1.854676,1.825691,,,
910,15.166667,-0.168289,0.952412,0.640000,-0.299197,0.948861,0.520608,,,,,,,,,,,,,,,,,,,0.601561,1.859113,0.799358,,,,,,,,,,0.403786,1.402669,0.428032,,,,-0.233739,1.083195,0.485466,,,,,,,0.475970,1.219169,0.542785,0.644214,1.854634,1.820043,,,
911,15.183333,-0.167080,0.953784,0.640923,-0.297737,0.950470,0.521778,,,,,,,,,,,,,,,,,,,0.603647,1.859126,0.800272,,,,,,,,,,0.406066,1.402815,0.428932,,,,-0.232022,1.084691,0.486463,,,,,,,0.477984,1.219258,0.543733,0.645599,1.854577,1.813854,,,
912,15.200000,-0.165770,0.955340,0.641350,-0.296154,0.952291,0.522381,,,,,,,,,,,,,,,,,,,0.605950,1.859151,0.800965,,,,,,,,,,0.408601,1.403026,0.429568,,,,-0.230136,1.086381,0.486934,,,,,,,0.480161,1.219392,0.544441,0.647110,1.854499,1.807107,,,
913,15.216667,-0.164322,0.957062,0.641255,-0.294409,0.954304,0.522397,,,,,,,,,,,,,,,,,,,0.608508,1.859179,0.801355,,,,,,,,,,0.411425,1.403274,0.429888,,,,-0.228046,1.088243,0.486852,,,,,,,0.482539,1.219549,0.544865,0.648750,1.854391,1.799783,,,
914,15.233333,-0.162701,0.958934,0.640612,-0.292460,0.956498,0.521810,,,,,,,,,,,,,,,,,,,0.611364,1.859205,0.801359,,,,,,,,,,0.414579,1.403532,0.429831,,,,-0.225709,1.090265,0.486197,,,,,,,0.485166,1.219710,0.544948,0.650523,1.854242,1.791866,,,
915,15.250000,-0.160862,0.960948,0.639398,-0.290268,0.958872,0.520611,,,,,,,,,,,,,,,,,,,0.614551,1.859219,0.800887,,,,,,,,,,0.418104,1.403772,0.429325,,,,-0.223080,1.092440,0.484954,,,,,,,0.488094,1.219853,0.544622,0.652433,1.854038,1.783336,,,
916,15.266667,-0.158761,0.963096,0.637591,-0.287791,0.961426,0.518796,,,,,,,,,,,,,,,,,,,0.618099,1.859212,0.799855,,,,,,,,,,0.422046,1.403970,0.428291,,,,-0.220111,1.094764,0.483106,,,,,,,0.491376,1.219959,0.543811,0.654483,1.853756,1.774176,,,
917,15.283333,-0.156349,0.965377,0.635167,-0.284982,0.964153,0.516360,,,,,,,,,,,,,,,,,,,0.622033,1.859171,0.798184,,,,,,,,,,0.426447,1.404103,0.426651,,,,-0.216756,1.097227,0.480633,,,,,,,0.495064,1.220006,0.542435,0.656680,1.853369,1.764366,,,
918,15.300000,-0.153583,0.967782,0.632102,-0.281792,0.967036,0.513288,,,,,,,,,,,,,,,,,,,0.626379,1.859079,0.795807,,,,,,,,,,0.431346,1.404145,0.424337,,,,-0.212968,1.099810,0.477506,,,,,,,0.499207,1.219975,0.540421,0.659027,1.852836,1.753885,,,
919,15.316667,-0.150416,0.970290,0.628364,-0.278174,0.970048,0.509555,,,,,,,,,,,,,,,,,,,0.631169,1.858922,0.792661,,,,,,,,,,0.436779,1.404077,0.421287,,,,-0.208701,1.102486,0.473687,,,,,,,0.503850,1.219845,0.537704,0.661528,1.852102,1.742714,,,
920,15.333333,-0.146807,0.972874,0.623915,-0.274079,0.973156,0.505125,,,,,,,,,,,,,,,,,,,0.636446,1.858687,0.788686,,,,,,,,,,0.442784,1.403876,0.417456,,,,-0.203909,1.105219,0.469134,,,,,,,0.509037,1.219597,0.534234,0.664188,1.851092,1.730831,,,
921,15.350000,-0.142700,0.975497,0.618710,-0.269454,0.976323,0.499952,,,,,,,,,,,,,,,,,,,0.642254,1.858356,0.783831,,,,,,,,,,0.449401,1.403520,0.412806,,,,-0.198544,1.107974,0.463805,,,,,,,0.514808,1.219214,0.529970,0.667012,1.849919,1.718215,,,
922,15.366667,-0.138027,0.978123,0.612711,-0.264241,0.979508,0.493993,,,,,,,,,,,,,,,,,,,0.648629,1.857906,0.778055,,,,,,,,,,0.456673,1.402990,0.407305,,,,-0.192558,1.110715,0.457666,,,,,,,0.521206,1.218673,0.524868,0.670006,1.848895,1.704845,,,
923,15.383333,-0.132709,0.980715,0.605886,-0.258380,0.982666,0.487219,,,,,,,,,,,,,,,,,,,0.655599,1.857310,0.771325,,,,,,,,,,0.464641,1.402266,0.400925,,,,-0.185903,1.113405,0.450693,,,,,,,0.528270,1.217953,0.518882,0.673173,1.848132,1.690697,,,
924,15.400000,-0.126667,0.983239,0.598210,-0.251817,0.985754,0.479608,,,,,,,,,,,,,,,,,,,0.663183,1.856539,0.763619,,,,,,,,,,0.473337,1.401338,0.393643,,,,-0.178540,1.116009,0.442866,,,,,,,0.536033,1.217031,0.511961,0.676519,1.847551,1.675749,,,
925,15.416667,-0.119848,0.985669,0.589664,-0.244507,0.988732,0.471139,,,,,,,,,,,,,,,,,,,0.671396,1.855568,0.754925,,,,,,,,,,0.482790,1.400200,0.385453,,,,-0.170432,1.118492,0.434155,,,,,,,0.544521,1.215892,0.504060,0.680049,1.847093,1.659978,,,
926,15.433333,-0.112221,0.987985,0.580222,-0.236416,0.991565,0.461781,,,,,,,,,,,,,,,,,,,0.680249,1.854380,0.745236,,,,,,,,,,0.493022,1.398853,0.376368,,,,-0.161550,1.120819,0.424520,,,,,,,0.553757,1.214523,0.495145,0.683768,1.846710,1.643360,,,
927,15.450000,-0.103770,0.990166,0.569843,-0.227514,0.994215,0.451491,,,,,,,,,,,,,,,,,,,0.689757,1.852968,0.734553,,,,,,,,,,0.504054,1.397301,0.366431,,,,-0.151869,1.122954,0.413912,,,,,,,0.563757,1.212919,0.485203,0.687681,1.846364,1.625873,,,
928,15.466667,-0.094484,0.992182,0.558481,-0.217775,0.996645,0.440214,,,,,,,,,,,,,,,,,,,0.699939,1.851336,0.722880,,,,,,,,,,0.515889,1.395531,0.355594,,,,-0.141369,1.124863,0.402279,,,,,,,0.574530,1.211080,0.474242,0.691793,1.846017,1.607493,,,
929,15.483333,-0.084354,0.994000,0.546086,-0.207179,0.998818,0.427890,,,,,,,,,,,,,,,,,,,0.710811,1.849495,0.710230,,,,,,,,,,0.528505,1.393492,0.343605,,,,-0.130035,1.126515,0.389573,,,,,,,0.586083,1.209014,0.462282,0.696109,1.845636,1.588198,,,
930,15.500000,-0.073372,0.995579,0.532614,-0.195719,1.000701,0.414465,,,,,,,,,,,,,,,,,,,0.722395,1.847459,0.696620,,,,,,,,,,0.541883,1.391134,0.330205,,,,-0.117858,1.127885,0.375762,,,,,,,0.598419,1.206729,0.449335,0.700634,1.845180,1.567966,,,
931,15.516667,-0.061539,0.996878,0.518032,-0.183393,1.002270,0.399898,,,,,,,,,,,,,,,,,,,0.734711,1.845240,0.682074,,,,,,,,,,0.556022,1.388455,0.315323,,,,-0.104835,1.128953,0.360828,,,,,,,0.611537,1.204237,0.435409,0.705370,1.844602,1.546777,,,
932,15.533333,-0.048862,0.997863,0.502314,-0.170208,1.003502,0.384164,,,,,,,,,,,,,,,,,,,0.747789,1.842851,0.666630,,,,,,,,,,0.570923,1.385489,0.299049,,,,-0.090968,1.129704,0.344758,,,,,,,0.625428,1.201545,0.420508,0.710323,1.843844,1.524611,,,
933,15.550000,-0.035360,0.998508,0.485442,-0.156178,1.004382,0.367248,,,,,,,,,,,,,,,,,,,0.761605,1.840296,0.650325,,,,,,,,,,0.586583,1.382291,0.281564,,,,-0.076267,1.130121,0.327544,,,,,,,0.640079,1.198667,0.404643,0.715494,1.842827,1.501454,,,
934,15.566667,-0.021061,0.998796,0.467403,-0.141318,1.004890,0.349136,,,,,,,,,,,,,,,,,,,0.776040,1.837550,0.633190,,,,,,,,,,0.602992,1.378920,0.263080,,,,-0.060742,1.130188,0.309176,,,,,,,0.655471,1.195616,0.387835,0.720884,1.841663,1.477294,,,
935,15.583333,-0.005999,0.998709,0.448187,-0.125642,1.005013,0.329817,,,,,,,,,,,,,,,,,,,0.791009,1.834603,0.615308,,,,,,,,,,0.620122,1.375425,0.243783,,,,-0.044495,1.129905,0.289649,,,,,,,0.671586,1.192414,0.370121,0.726493,1.840666,1.452124,,,
936,15.600000,0.009804,0.998233,0.427799,-0.109154,1.004737,0.309292,,,,,,,,,,,,,,,,,,,0.806506,1.831517,0.596829,,,,,,,,,,0.637937,1.371831,0.223783,,,,-0.027627,1.129275,0.268963,,,,,,,0.688406,1.189089,0.351557,0.732318,1.839950,1.425943,,,
937,15.616667,0.026336,0.997369,0.406259,-0.091850,1.004062,0.287580,,,,,,,,,,,,,,,,,,,0.822355,1.828318,0.577901,,,,,,,,,,0.656408,1.368151,0.203123,,,,-0.010057,1.128292,0.247147,,,,,,,0.705923,1.185673,0.332212,0.738354,1.839441,1.398761,,,
938,15.633333,0.043592,0.996137,0.383609,-0.073781,1.002999,0.264670,,,,,,,,,,,,,,,,,,,0.838276,1.825005,0.558697,,,,,,,,,,0.675518,1.364392,0.181822,,,,0.008302,1.126963,0.224238,,,,,,,0.724138,1.182198,0.312156,0.744591,1.839088,1.370598,,,
939,15.650000,0.061583,0.994574,0.359908,-0.054991,1.001573,0.240572,,,,,,,,,,,,,,,,,,,,,,,,,,,,,,,0.695250,1.360575,0.159894,,,,0.027462,1.125311,0.200280,,,,,,,0.743064,1.178701,0.291451,0.751014,1.838854,1.341490,,,
940,15.666667,0.080338,0.992728,0.335225,-0.035379,0.999819,0.215409,,,,,,,,,,,,,,,,,,,,,,,,,,,,,,,0.715589,1.356731,0.137357,,,,0.047440,1.123371,0.175323,,,,,,,0.762720,1.175229,0.270156,0.757601,1.838714,1.311490,,,
941,15.683333,0.099886,0.990653,0.309639,-0.014920,0.997779,0.189292,,,,,,,,,,,,,,,,,,,,,,,,,,,,,,,0.736511,1.352899,0.114243,,,,0.068264,1.121182,0.149420,,,,,,,0.783130,1.171840,0.248348,0.764323,1.838654,1.280675,,,
942,15.700000,0.120252,0.988411,0.283221,0.006337,0.995497,0.162275,,,,,,,,,,,,,,,,,,,,,,,,,,,,,,,0.757975,1.349123,0.090610,,,,0.089957,1.118785,0.122616,,,,,,,0.804312,1.168601,0.226127,0.771136,1.838668,1.249149,,,
943,15.716667,0.141452,0.986061,0.256037,0.028486,0.993013,0.134412,,,,,,,,,,,,,,,,,,,,,,,,,,,,,,,0.779924,1.345452,0.066547,,,,0.112546,1.116231,0.094950,,,,,,,0.826285,1.165587,0.203625,0.777986,1.838759,1.217048,,,
